code,date,open,high,close,low,volume
hs300,2014-01-02,2323.433,2325.991,2321.978,2310.653,45194292.0
hs300,2014-01-03,2311.968,2314.836,2290.779,2280.887,59782644.0
hs300,2014-01-06,2286.371,2286.371,2238.637,2229.334,66300404.0
hs300,2014-01-07,2222.306,2246.791,2238.001,2218.647,43753104.0
hs300,2014-01-08,2240.635,2262.584,2241.911,2228.418,51348856.0
hs300,2014-01-09,2236.967,2258.894,2222.221,2220.802,55987040.0
hs300,2014-01-10,2216.521,2224.494,2204.851,2200.215,54169292.0
hs300,2014-01-13,2206.996,2222.072,2193.679,2183.597,50122772.0
hs300,2014-01-14,2192.844,2214.124,2212.846,2179.908,54049948.0
hs300,2014-01-15,2210.024,2215.903,2208.941,2193.802,48962396.0
hs300,2014-01-16,2209.448,2227.262,2211.844,2201.56,52298904.0
hs300,2014-01-17,2203.821,2205.972,2178.488,2175.876,50273156.0
hs300,2014-01-20,2173.651,2182.463,2165.993,2156.458,40560152.0
hs300,2014-01-21,2168.42,2197.923,2187.41,2168.42,40306248.0
hs300,2014-01-22,2190.432,2244.133,2243.796,2187.534,70641376.0
hs300,2014-01-23,2242.245,2248.924,2231.889,2228.057,56345952.0
hs300,2014-01-24,2225.758,2257.355,2245.678,2222.893,61167672.0
hs300,2014-01-27,2233.015,2233.231,2215.919,2211.799,70344248.0
hs300,2014-01-28,2220.785,2233.257,2219.855,2205.972,53269128.0
hs300,2014-01-29,2225.711,2233.057,2227.781,2219.928,50222716.0
hs300,2014-01-30,2223.163,2223.163,2202.45,2200.224,43632304.0
hs300,2014-02-07,2187.343,2212.498,2212.483,2177.117,50459316.0
hs300,2014-02-10,2221.54,2270.194,2267.534,2221.54,83065712.0
hs300,2014-02-11,2267.735,2296.516,2285.562,2262.599,99229832.0
hs300,2014-02-12,2286.187,2294.317,2291.246,2276.444,76592160.0
hs300,2014-02-13,2288.451,2307.474,2279.554,2278.261,96217792.0
hs300,2014-02-14,2278.4,2295.852,2295.575,2274.429,67082996.0
hs300,2014-02-17,2308.791,2315.579,2311.647,2293.552,87831664.0
hs300,2014-02-18,2310.309,2310.309,2282.442,2276.108,87049744.0
hs300,2014-02-19,2280.927,2317.42,2308.656,2274.152,99352560.0
hs300,2014-02-20,2314.088,2331.698,2287.436,2286.203,106439536.0
hs300,2014-02-21,2284.03,2287.869,2264.294,2250.652,76368992.0
hs300,2014-02-24,2246.715,2246.715,2214.509,2194.164,89215936.0
hs300,2014-02-25,2216.515,2225.209,2157.909,2150.095,93237552.0
hs300,2014-02-26,2147.737,2164.698,2163.405,2137.079,77993296.0
hs300,2014-02-27,2170.81,2180.063,2154.108,2150.135,90104296.0
hs300,2014-02-28,2149.446,2180.474,2178.971,2133.548,76668056.0
hs300,2014-03-03,2173.907,2194.224,2190.37,2167.91,82072312.0
hs300,2014-03-04,2183.858,2188.601,2184.273,2161.589,73069248.0
hs300,2014-03-05,2187.352,2189.093,2163.976,2159.595,61332016.0
hs300,2014-03-06,2159.397,2181.427,2173.634,2136.454,69093768.0
hs300,2014-03-07,2170.043,2189.39,2168.358,2161.436,64265176.0
hs300,2014-03-10,2149.676,2149.676,2097.787,2095.067,71416408.0
hs300,2014-03-11,2092.608,2118.79,2108.661,2088.729,57621244.0
hs300,2014-03-12,2102.801,2130.586,2114.134,2090.757,70069744.0
hs300,2014-03-13,2119.547,2149.436,2140.333,2115.986,69226032.0
hs300,2014-03-14,2129.87,2140.384,2122.836,2109.575,58617736.0
hs300,2014-03-17,2132.793,2143.196,2143.038,2118.953,52409444.0
hs300,2014-03-18,2146.124,2152.462,2138.133,2134.923,55354132.0
hs300,2014-03-19,2131.283,2131.283,2120.87,2101.285,59303904.0
hs300,2014-03-20,2116.185,2134.792,2086.967,2086.497,67631288.0
hs300,2014-03-21,2079.871,2163.225,2158.798,2077.759,104024808.0
hs300,2014-03-24,2161.898,2186.731,2176.554,2150.871,104491984.0
hs300,2014-03-25,2170.78,2191.491,2174.44,2164.669,86877512.0
hs300,2014-03-26,2181.231,2186.078,2171.047,2165.217,58276176.0
hs300,2014-03-27,2168.344,2186.893,2155.707,2146.916,71275136.0
hs300,2014-03-28,2154.515,2172.668,2151.965,2144.584,70086072.0
hs300,2014-03-31,2156.054,2165.254,2146.305,2134.422,55457488.0
hs300,2014-04-01,2143.717,2170.095,2163.115,2141.151,48866404.0
hs300,2014-04-02,2166.067,2182.683,2180.727,2164.008,65039256.0
hs300,2014-04-03,2188.642,2196.138,2165.008,2160.747,71536032.0
hs300,2014-04-04,2157.982,2186.154,2185.472,2155.277,47945888.0
hs300,2014-04-08,2179.92,2243.97,2237.316,2178.905,97219120.0
hs300,2014-04-09,2239.791,2246.793,2238.62,2228.994,66357268.0
hs300,2014-04-10,2241.452,2290.742,2273.761,2229.515,114545408.0
hs300,2014-04-11,2269.565,2281.105,2270.666,2261.133,90615896.0
hs300,2014-04-14,2267.943,2275.83,2268.613,2255.456,62265000.0
hs300,2014-04-15,2261.411,2261.474,2229.463,2225.685,68218128.0
hs300,2014-04-16,2223.468,2245.315,2232.526,2221.153,51678008.0
hs300,2014-04-17,2238.779,2241.622,2224.803,2221.954,48333628.0
hs300,2014-04-18,2215.879,2228.77,2224.479,2203.047,50757996.0
hs300,2014-04-21,2209.942,2231.707,2187.248,2186.755,56278280.0
hs300,2014-04-22,2184.017,2196.849,2196.795,2165.075,57094696.0
hs300,2014-04-23,2191.231,2205.594,2194.668,2187.388,47763532.0
hs300,2014-04-24,2192.769,2209.454,2190.474,2186.763,45058912.0
hs300,2014-04-25,2195.815,2201.712,2167.826,2167.64,60245384.0
hs300,2014-04-28,2165.773,2171.385,2134.969,2132.695,60485188.0
hs300,2014-04-29,2134.413,2159.379,2158.47,2131.783,48204932.0
hs300,2014-04-30,2158.762,2164.175,2158.659,2153.124,45334624.0
hs300,2014-05-05,2152.59,2161.703,2156.47,2131.232,49344072.0
hs300,2014-05-06,2151.388,2173.618,2157.328,2150.112,48086520.0
hs300,2014-05-07,2151.472,2153.723,2137.316,2136.99,44607472.0
hs300,2014-05-08,2132.036,2168.206,2135.496,2128.318,48332452.0
hs300,2014-05-09,2138.84,2141.559,2133.05,2120.595,38183432.0
hs300,2014-05-12,2150.313,2184.332,2180.054,2139.483,83472560.0
hs300,2014-05-13,2180.059,2185.046,2174.852,2167.767,64912520.0
hs300,2014-05-14,2175.094,2184.221,2172.372,2168.997,48514208.0
hs300,2014-05-15,2169.278,2171.453,2144.084,2142.338,46734032.0
hs300,2014-05-16,2143.926,2150.5,2145.952,2132.186,42253196.0
hs300,2014-05-19,2139.362,2139.362,2115.143,2105.713,42893608.0
hs300,2014-05-20,2124.708,2131.567,2115.771,2110.72,37299684.0
hs300,2014-05-21,2106.762,2136.1,2135.905,2096.514,38946040.0
hs300,2014-05-22,2134.087,2160.909,2130.868,2128.858,46252736.0
hs300,2014-05-23,2130.775,2148.583,2148.414,2128.663,37623104.0
hs300,2014-05-26,2161.892,2165.421,2155.976,2147.445,39550656.0
hs300,2014-05-27,2154.395,2160.027,2147.28,2145.752,35897172.0
hs300,2014-05-28,2147.467,2171.172,2169.352,2142.007,50056260.0
hs300,2014-05-29,2171.26,2178.092,2155.164,2154.925,44891556.0
hs300,2014-05-30,2156.381,2166.907,2156.464,2146.218,43923864.0
hs300,2014-06-03,2157.64,2168.995,2149.918,2149.291,41982952.0
hs300,2014-06-04,2149.407,2149.452,2128.274,2117.313,41817248.0
hs300,2014-06-05,2126.607,2150.93,2150.602,2123.524,36477424.0
hs300,2014-06-06,2149.214,2149.783,2134.716,2123.98,35738056.0
hs300,2014-06-09,2128.225,2153.903,2134.281,2126.665,39311060.0
hs300,2014-06-10,2138.671,2161.526,2161.268,2132.447,50507904.0
hs300,2014-06-11,2156.151,2163.61,2160.766,2152.08,42563720.0
hs300,2014-06-12,2156.761,2160.988,2153.41,2148.413,43025844.0
hs300,2014-06-13,2150.987,2183.645,2176.242,2150.569,59252876.0
hs300,2014-06-16,2176.438,2196.343,2191.855,2174.277,63296876.0
hs300,2014-06-17,2185.681,2185.681,2169.674,2168.445,49933664.0
hs300,2014-06-18,2169.252,2172.549,2160.239,2158.497,49463896.0
hs300,2014-06-19,2161.426,2166.407,2126.907,2119.498,53162644.0
hs300,2014-06-20,2124.963,2137.034,2136.729,2120.807,42393720.0
hs300,2014-06-23,2137.926,2147.227,2134.11,2132.454,41179256.0
hs300,2014-06-24,2131.686,2145.213,2144.821,2130.292,40164356.0
hs300,2014-06-25,2141.726,2141.726,2133.371,2126.035,37666100.0
hs300,2014-06-26,2135.156,2151.114,2149.076,2134.891,44351168.0
hs300,2014-06-27,2146.374,2159.526,2150.258,2138.927,52722896.0
hs300,2014-06-30,2152.306,2168.221,2165.118,2152.306,54304188.0
hs300,2014-07-01,2169.199,2171.15,2164.559,2157.133,53323100.0
hs300,2014-07-02,2163.998,2171.51,2170.867,2155.609,59685500.0
hs300,2014-07-03,2169.003,2184.964,2180.192,2164.843,63690688.0
hs300,2014-07-04,2180.445,2183.798,2178.695,2174.073,52851104.0
hs300,2014-07-07,2178.546,2186.202,2176.289,2171.083,50242336.0
hs300,2014-07-08,2174.828,2180.778,2180.473,2163.359,50743600.0
hs300,2014-07-09,2178.135,2178.51,2148.71,2148.26,62022048.0
hs300,2014-07-10,2146.601,2151.774,2142.847,2139.522,55732496.0
hs300,2014-07-11,2136.317,2154.735,2148.009,2134.795,61374272.0
hs300,2014-07-14,2149.542,2171.902,2171.758,2145.278,66158864.0
hs300,2014-07-15,2170.089,2176.272,2174.976,2165.206,71815696.0
hs300,2014-07-16,2172.824,2183.248,2170.868,2166.774,81560232.0
hs300,2014-07-17,2166.831,2166.932,2157.068,2147.084,59453568.0
hs300,2014-07-18,2147.663,2176.325,2164.144,2145.446,65473296.0
hs300,2014-07-21,2164.223,2171.94,2166.295,2158.955,54172260.0
hs300,2014-07-22,2162.436,2197.592,2192.698,2162.236,78542584.0
hs300,2014-07-23,2191.394,2210.282,2197.833,2190.555,84213872.0
hs300,2014-07-24,2199.833,2239.815,2237.015,2199.833,119435536.0
hs300,2014-07-25,2243.067,2260.89,2260.454,2239.066,98972840.0
hs300,2014-07-28,2272.383,2331.472,2323.897,2272.383,179869328.0
hs300,2014-07-29,2326.038,2342.77,2331.369,2316.217,134269648.0
hs300,2014-07-30,2324.69,2339.038,2322.011,2316.058,123022832.0
hs300,2014-07-31,2321.967,2350.551,2350.251,2316.585,110987768.0
hs300,2014-08-01,2341.227,2371.5,2329.402,2328.966,126317392.0
hs300,2014-08-04,2336.63,2375.62,2375.62,2332.138,116713752.0
hs300,2014-08-05,2376.797,2380.774,2369.353,2353.795,111861792.0
hs300,2014-08-06,2358.206,2371.667,2363.221,2334.334,116341832.0
hs300,2014-08-07,2363.608,2369.204,2327.457,2326.268,116729208.0
hs300,2014-08-08,2329.184,2339.27,2331.134,2319.288,86739696.0
hs300,2014-08-11,2338.008,2367.004,2365.349,2337.014,91601168.0
hs300,2014-08-12,2361.17,2361.17,2357.052,2344.716,91822608.0
hs300,2014-08-13,2358.459,2370.513,2358.901,2335.694,110447792.0
hs300,2014-08-14,2357.198,2363.18,2335.945,2334.08,97969496.0
hs300,2014-08-15,2337.985,2366.902,2360.635,2333.123,93592544.0
hs300,2014-08-18,2366.272,2379.804,2374.562,2361.197,104509552.0
hs300,2014-08-19,2378.886,2379.474,2374.768,2358.965,115850016.0
hs300,2014-08-20,2371.649,2375.475,2366.14,2360.837,101288088.0
hs300,2014-08-21,2365.731,2367.46,2354.244,2333.299,100690208.0
hs300,2014-08-22,2352.316,2368.457,2365.364,2350.986,89823936.0
hs300,2014-08-25,2367.019,2367.606,2342.863,2338.455,97373720.0
hs300,2014-08-26,2339.6,2350.391,2324.092,2317.184,93844224.0
hs300,2014-08-27,2323.79,2336.737,2327.595,2322.885,67676224.0
hs300,2014-08-28,2328.059,2336.363,2311.278,2309.639,70490656.0
hs300,2014-08-29,2317.304,2338.774,2338.287,2313.262,63211424.0
hs300,2014-09-01,2340.925,2355.552,2355.317,2338.53,77320872.0
hs300,2014-09-02,2359.862,2387.655,2386.46,2349.949,114436736.0
hs300,2014-09-03,2389.694,2414.26,2408.838,2389.679,129734208.0
hs300,2014-09-04,2411.934,2427.297,2426.224,2404.082,111272296.0
hs300,2014-09-05,2433.174,2450.634,2449.259,2427.987,133551760.0
hs300,2014-09-09,2452.227,2454.893,2445.224,2437.078,118194344.0
hs300,2014-09-10,2435.593,2437.081,2432.433,2422.646,109175520.0
hs300,2014-09-11,2430.678,2461.473,2423.454,2417.269,132982584.0
hs300,2014-09-12,2418.752,2438.358,2438.358,2412.622,109160168.0
hs300,2014-09-15,2433.001,2439.254,2437.189,2418.959,122247160.0
hs300,2014-09-16,2440.339,2442.924,2388.765,2386.98,186742784.0
hs300,2014-09-17,2395.361,2405.371,2401.326,2379.091,125269024.0
hs300,2014-09-18,2396.379,2414.946,2408.664,2389.622,115926376.0
hs300,2014-09-19,2409.313,2430.149,2425.211,2402.313,101813576.0
hs300,2014-09-22,2419.326,2419.326,2378.92,2374.108,102240872.0
hs300,2014-09-23,2379.521,2402.482,2399.462,2379.521,84033344.0
hs300,2014-09-24,2391.419,2443.978,2441.864,2387.07,142713536.0
hs300,2014-09-25,2453.423,2462.668,2436.965,2429.587,138661888.0
hs300,2014-09-26,2430.808,2439.649,2437.201,2420.499,100299496.0
hs300,2014-09-29,2443.91,2453.665,2447.799,2435.611,123401728.0
hs300,2014-09-30,2452.166,2454.885,2450.988,2444.204,115804232.0
hs300,2014-10-08,2460.87,2478.383,2478.383,2445.268,121953600.0
hs300,2014-10-09,2480.197,2488.113,2481.955,2461.112,137923920.0
hs300,2014-10-10,2472.096,2482.136,2466.789,2457.684,147634304.0
hs300,2014-10-13,2457.412,2460.389,2454.946,2430.546,131593360.0
hs300,2014-10-14,2451.094,2467.904,2446.562,2436.336,127393704.0
hs300,2014-10-15,2444.538,2465.498,2463.874,2431.188,135801888.0
hs300,2014-10-16,2448.968,2480.3,2444.395,2441.822,158166608.0
hs300,2014-10-17,2443.222,2456.105,2441.732,2410.401,132759984.0
hs300,2014-10-20,2448.453,2456.621,2454.711,2441.896,91435400.0
hs300,2014-10-21,2453.406,2459.255,2433.391,2432.552,96241912.0
hs300,2014-10-22,2434.886,2447.467,2418.641,2417.562,88656192.0
hs300,2014-10-23,2415.44,2424.662,2395.936,2392.532,103491840.0
hs300,2014-10-24,2397.848,2404.993,2390.706,2385.725,74974872.0
hs300,2014-10-27,2377.542,2377.542,2368.832,2361.68,73862448.0
hs300,2014-10-28,2373.155,2416.766,2416.653,2373.155,101523056.0
hs300,2014-10-29,2423.813,2461.268,2451.384,2415.703,158584064.0
hs300,2014-10-30,2450.361,2474.376,2468.925,2443.759,189626352.0
hs300,2014-10-31,2473.501,2512.189,2508.325,2466.504,239172416.0
hs300,2014-11-03,2515.824,2524.172,2512.548,2502.06,205801232.0
hs300,2014-11-04,2511.036,2517.46,2513.172,2498.605,218247008.0
hs300,2014-11-05,2516.87,2519.399,2503.448,2499.228,190491856.0
hs300,2014-11-06,2505.167,2510.985,2506.067,2482.983,149651120.0
hs300,2014-11-07,2508.765,2541.549,2502.153,2489.419,208760912.0
hs300,2014-11-10,2529.83,2565.73,2565.73,2514.71,226599728.0
hs300,2014-11-11,2578.438,2602.373,2558.612,2532.572,323711648.0
hs300,2014-11-12,2545.403,2594.318,2594.318,2539.601,184686256.0
hs300,2014-11-13,2597.389,2607.519,2579.75,2567.463,219815616.0
hs300,2014-11-14,2569.211,2581.932,2581.093,2557.666,165049968.0
hs300,2014-11-17,2613.513,2614.086,2567.101,2565.943,158478096.0
hs300,2014-11-18,2565.273,2570.211,2541.416,2534.927,142941360.0
hs300,2014-11-19,2538.233,2550.5,2537.223,2531.318,122146976.0
hs300,2014-11-20,2528.78,2545.473,2537.099,2522.836,106149864.0
hs300,2014-11-21,2537.538,2585.362,2583.455,2530.032,151028144.0
hs300,2014-11-24,2614.16,2667.671,2649.258,2602.944,279839712.0
hs300,2014-11-25,2650.085,2686.063,2685.561,2643.843,222611696.0
hs300,2014-11-26,2695.263,2723.36,2723.018,2690.31,243962480.0
hs300,2014-11-27,2737.03,2754.49,2754.49,2718.704,265464736.0
hs300,2014-11-28,2753.925,2809.543,2808.819,2740.374,375323648.0
hs300,2014-12-01,2825.611,2855.332,2819.812,2808.653,365487424.0
hs300,2014-12-02,2807.338,2944.506,2923.94,2804.293,361465312.0
hs300,2014-12-03,2936.124,3028.225,2967.549,2912.246,466156672.0
hs300,2014-12-04,2975.403,3104.89,3104.351,2968.876,426812928.0
hs300,2014-12-05,3143.968,3195.798,3124.885,3011.936,524881248.0
hs300,2014-12-08,3108.272,3270.881,3252.881,3075.7,484462336.0
hs300,2014-12-09,3233.097,3387.827,3106.913,3074.516,632874560.0
hs300,2014-12-10,3120.212,3229.047,3221.546,3058.191,425018720.0
hs300,2014-12-11,3185.161,3254.424,3183.012,3158.443,367091680.0
hs300,2014-12-12,3182.923,3239.447,3193.227,3167.928,301065312.0
hs300,2014-12-15,3176.829,3226.221,3217.228,3143.297,290193824.0
hs300,2014-12-16,3221.358,3303.402,3303.402,3207.688,358123840.0
hs300,2014-12-17,3325.82,3368.194,3360.598,3275.736,448140768.0
hs300,2014-12-18,3359.09,3393.711,3345.927,3322.229,355970208.0
hs300,2014-12-19,3345.629,3397.183,3383.167,3280.916,411211584.0
hs300,2014-12-22,3396.251,3455.207,3394.481,3357.661,549801664.0
hs300,2014-12-23,3358.798,3431.779,3324.924,3316.913,369736096.0
hs300,2014-12-24,3332.146,3340.357,3230.385,3188.495,317449600.0
hs300,2014-12-25,3254.48,3335.779,3335.419,3226.322,309799552.0
hs300,2014-12-26,3343.64,3453.338,3445.839,3335.012,384614112.0
hs300,2014-12-29,3502.183,3524.28,3455.455,3405.836,425015040.0
hs300,2014-12-30,3450.814,3491.826,3457.554,3422.174,328233888.0
hs300,2014-12-31,3462.389,3542.34,3533.705,3452.498,345934752.0
hs300,2015-01-05,3566.089,3669.042,3641.541,3551.51,451198112.0
hs300,2015-01-06,3608.428,3683.226,3641.059,3587.231,420962176.0
hs300,2015-01-07,3620.924,3671.19,3643.79,3601.698,320191232.0
hs300,2015-01-08,3650.073,3659.945,3559.259,3552.1,295003040.0
hs300,2015-01-09,3547.574,3689.753,3546.723,3536.395,349982656.0
hs300,2015-01-12,3531.515,3560.527,3513.576,3461.322,266567168.0
hs300,2015-01-13,3506.451,3550.158,3514.04,3494.768,187153968.0
hs300,2015-01-14,3522.907,3547.242,3502.423,3471.56,196012512.0
hs300,2015-01-15,3501.719,3604.121,3604.121,3482.27,237812336.0
hs300,2015-01-16,3616.248,3662.158,3635.146,3601.258,282681600.0
hs300,2015-01-19,3414.013,3497.252,3355.155,3330.981,329505280.0
hs300,2015-01-20,3336.793,3419.204,3396.222,3325.681,297843232.0
hs300,2015-01-21,3420.491,3557.794,3548.885,3409.43,337928224.0
hs300,2015-01-22,3551.052,3576.756,3567.613,3520.053,268853600.0
hs300,2015-01-23,3582.088,3627.806,3571.732,3548.626,280172160.0
hs300,2015-01-26,3580.118,3611.617,3607.985,3559.376,239766208.0
hs300,2015-01-27,3614.038,3616.258,3574.931,3510.017,287669184.0
hs300,2015-01-28,3547.239,3583.312,3525.323,3512.393,216220208.0
hs300,2015-01-29,3474.915,3505.582,3481.798,3453.901,211618864.0
hs300,2015-01-30,3496.885,3514.217,3434.39,3431.936,196479152.0
hs300,2015-02-02,3360.193,3407.256,3353.96,3347.085,195183696.0
hs300,2015-02-03,3388.602,3441.709,3437.445,3360.717,192846096.0
hs300,2015-02-04,3446.144,3476.817,3401.768,3399.565,191304352.0
hs300,2015-02-05,3487.951,3487.951,3366.946,3366.862,250430608.0
hs300,2015-02-06,3352.33,3374.051,3312.42,3285.935,192664192.0
hs300,2015-02-09,3305.734,3376.526,3345.921,3298.597,172353824.0
hs300,2015-02-10,3345.077,3407.18,3406.943,3339.548,159309088.0
hs300,2015-02-11,3415.977,3445.655,3434.124,3412.136,144613776.0
hs300,2015-02-12,3435.361,3453.582,3442.874,3405.627,156081696.0
hs300,2015-02-13,3458.827,3509.505,3469.828,3452.079,201089968.0
hs300,2015-02-16,3473.289,3504.475,3499.483,3466.607,165641344.0
hs300,2015-02-17,3511.544,3536.82,3522.322,3511.093,165328320.0
hs300,2015-02-24,3511.544,3536.82,3522.322,3511.093,165328320.0
hs300,2015-02-25,3529.55,3529.55,3478.729,3463.955,165539344.0
hs300,2015-02-26,3473.713,3569.33,3566.295,3456.871,229328432.0
hs300,2015-02-27,3565.233,3594.813,3572.843,3560.455,222786432.0
hs300,2015-03-02,3603.452,3608.691,3601.265,3566.527,248176128.0
hs300,2015-03-03,3579.315,3579.315,3507.9,3504.201,261866496.0
hs300,2015-03-04,3514.667,3540.912,3530.822,3497.172,199663984.0
hs300,2015-03-05,3513.249,3517.083,3496.344,3467.676,217508800.0
hs300,2015-03-06,3501.184,3516.243,3478.52,3472.392,181518048.0
hs300,2015-03-09,3449.696,3546.705,3537.75,3417.486,233940416.0
hs300,2015-03-10,3523.64,3551.205,3520.611,3511.985,194267664.0
hs300,2015-03-11,3524.575,3568.916,3524.653,3512.218,188947824.0
hs300,2015-03-12,3557.686,3603.341,3592.844,3536.534,265664624.0
hs300,2015-03-13,3604.671,3641.392,3617.657,3594.742,246864768.0
hs300,2015-03-16,3641.773,3705.739,3705.671,3621.119,275438304.0
hs300,2015-03-17,3733.961,3762.575,3757.122,3716.809,371625664.0
hs300,2015-03-18,3769.086,3846.055,3846.055,3763.848,415190016.0
hs300,2015-03-19,3851.249,3859.126,3839.739,3809.706,391547616.0
hs300,2015-03-20,3852.492,3916.863,3892.574,3832.416,401817536.0
hs300,2015-03-23,3923.083,3972.296,3972.061,3922.21,391119936.0
hs300,2015-03-24,3980.066,3989.858,3973.046,3883.782,468581312.0
hs300,2015-03-25,3961.578,3980.716,3940.412,3913.988,379968864.0
hs300,2015-03-26,3921.745,3991.997,3949.999,3892.878,346756320.0
hs300,2015-03-27,3957.542,3993.032,3971.697,3932.87,298756064.0
hs300,2015-03-30,3999.024,4101.651,4088.178,3999.024,428297024.0
hs300,2015-03-31,4138.885,4166.018,4051.204,4037.771,436065632.0
hs300,2015-04-01,4057.501,4139.499,4123.895,4046.939,329512864.0
hs300,2015-04-02,4149.946,4156.842,4124.776,4068.649,339070496.0
hs300,2015-04-03,4104.672,4170.558,4170.538,4092.383,321303776.0
hs300,2015-04-07,4213.894,4260.471,4260.044,4197.019,415362656.0
hs300,2015-04-08,4277.45,4304.78,4295.803,4204.826,458676704.0
hs300,2015-04-09,4316.958,4332.166,4262.138,4212.611,439699904.0
hs300,2015-04-10,4249.383,4351.687,4344.416,4231.196,348190176.0
hs300,2015-04-13,4394.047,4432.024,4421.073,4361.589,434153024.0
hs300,2015-04-14,4432.126,4474.353,4438.184,4385.908,434432128.0
hs300,2015-04-15,4439.314,4475.997,4380.513,4379.609,472154144.0
hs300,2015-04-16,4355.491,4513.765,4513.546,4335.63,422603744.0
hs300,2015-04-17,4578.679,4630.27,4596.136,4553.904,552802688.0
hs300,2015-04-20,4615.034,4671.168,4521.919,4492.6,686439104.0
hs300,2015-04-21,4520.461,4620.058,4619.164,4504.558,490314976.0
hs300,2015-04-22,4637.055,4740.933,4739.814,4632.589,516213792.0
hs300,2015-04-23,4764.481,4782.044,4740.892,4693.967,497430944.0
hs300,2015-04-24,4682.626,4730.43,4702.641,4618.318,480152928.0
hs300,2015-04-27,4753.871,4810.485,4807.592,4735.31,513076544.0
hs300,2015-04-28,4811.319,4839.078,4741.861,4703.567,608638528.0
hs300,2015-04-29,4722.903,4797.927,4774.326,4695.793,395056992.0
hs300,2015-04-30,4788.412,4818.725,4749.886,4749.485,399727456.0
hs300,2015-05-04,4757.637,4795.915,4787.741,4699.398,377843840.0
hs300,2015-05-05,4785.192,4785.192,4596.837,4572.983,460419616.0
hs300,2015-05-06,4626.231,4700.909,4553.327,4511.761,376073696.0
hs300,2015-05-07,4520.818,4546.338,4470.089,4467.459,297759200.0
hs300,2015-05-08,4515.554,4559.058,4558.404,4445.592,302407968.0
hs300,2015-05-11,4582.091,4690.954,4690.532,4535.149,373838432.0
hs300,2015-05-12,4692.122,4748.004,4747.421,4660.016,377053888.0
hs300,2015-05-13,4746.713,4758.002,4718.436,4678.845,370730432.0
hs300,2015-05-14,4717.955,4735.284,4700.778,4670.168,337725152.0
hs300,2015-05-15,4690.755,4690.755,4617.47,4592.05,328431168.0
hs300,2015-05-18,4582.058,4623.383,4575.14,4565.061,269180480.0
hs300,2015-05-19,4577.637,4740.005,4731.222,4577.637,314785952.0
hs300,2015-05-20,4751.572,4843.1,4754.919,4745.21,363180736.0
hs300,2015-05-21,4768.689,4841.615,4840.976,4746.029,305054528.0
hs300,2015-05-22,4895.925,4951.991,4951.335,4870.598,455846720.0
hs300,2015-05-25,4949.11,5099.839,5099.495,4949.11,465736576.0
hs300,2015-05-26,5140.798,5199.295,5198.918,5063.146,487949344.0
hs300,2015-05-27,5216.17,5226.844,5181.434,5126.861,470798720.0
hs300,2015-05-28,5174.101,5213.183,4834.007,4831.329,571829056.0
hs300,2015-05-29,4839.53,4924.303,4840.829,4665.521,427878848.0
hs300,2015-06-01,4862.756,5079.319,5076.179,4835.774,417503744.0
hs300,2015-06-02,5091.272,5162.556,5161.87,5047.081,412973184.0
hs300,2015-06-03,5176.597,5186.967,5143.59,5059.495,414258272.0
hs300,2015-06-04,5156.012,5194.233,5181.416,4863.465,482767264.0
hs300,2015-06-05,5254.905,5288.34,5230.552,5104.178,545961216.0
hs300,2015-06-08,5259.408,5370.609,5353.751,5202.595,637313216.0
hs300,2015-06-09,5379.47,5380.426,5317.461,5251.208,570427264.0
hs300,2015-06-10,5254.304,5374.83,5309.112,5209.68,442165664.0
hs300,2015-06-11,5305.141,5329.295,5306.59,5248.163,392338752.0
hs300,2015-06-12,5329.278,5351.648,5335.115,5283.086,430131392.0
hs300,2015-06-15,5354.014,5362.452,5221.167,5207.308,475745696.0
hs300,2015-06-16,5165.025,5204.303,5064.821,5015.265,411675648.0
hs300,2015-06-17,5072.306,5158.367,5138.831,4949.293,397124192.0
hs300,2015-06-18,5107.695,5121.218,4930.549,4926.429,364395808.0
hs300,2015-06-19,4847.057,4910.45,4637.052,4634.691,358104736.0
hs300,2015-06-23,4641.425,4786.955,4786.091,4455.33,365087936.0
hs300,2015-06-24,4811.595,4883.732,4880.126,4744.306,434638720.0
hs300,2015-06-25,4906.242,4919.263,4706.516,4667.224,446135968.0
hs300,2015-06-26,4573.872,4650.186,4336.195,4278.675,446639776.0
hs300,2015-06-29,4446.842,4451.166,4191.549,4000.926,525662496.0
hs300,2015-06-30,4161.067,4475.767,4472.998,4016.013,527045280.0
hs300,2015-07-01,4408.984,4526.127,4253.021,4235.696,431721408.0
hs300,2015-07-02,4287.734,4312.19,4107.996,4000.061,457062208.0
hs300,2015-07-03,4017.202,4164.629,3885.917,3785.902,429300864.0
hs300,2015-07-06,4218.266,4218.266,3998.537,3832.468,648094528.0
hs300,2015-07-07,3877.854,3960.636,3928.003,3743.624,679385024.0
hs300,2015-07-08,3651.06,3762.622,3663.038,3612.254,581467072.0
hs300,2015-07-09,3621.68,3930.264,3897.626,3537.826,503870624.0
hs300,2015-07-10,3916.272,4179.111,4106.556,3887.551,500701792.0
hs300,2015-07-13,4132.231,4278.161,4211.812,4072.43,502092192.0
hs300,2015-07-14,4178.63,4258.513,4112.149,4062.5,454422016.0
hs300,2015-07-15,4068.88,4114.243,3966.759,3899.508,421956352.0
hs300,2015-07-16,3949.639,4067.022,3997.356,3856.321,330531360.0
hs300,2015-07-17,4023.757,4190.186,4151.496,4000.231,331107136.0
hs300,2015-07-20,4157.06,4221.693,4160.612,4106.389,352673472.0
hs300,2015-07-21,4109.761,4201.482,4166.006,4081.704,318374944.0
hs300,2015-07-22,4148.56,4187.431,4157.16,4094.712,318945984.0
hs300,2015-07-23,4158.932,4262.062,4250.805,4148.824,354471744.0
hs300,2015-07-24,4255.198,4299.65,4176.279,4154.617,392045376.0
hs300,2015-07-27,4097.796,4156.313,3818.731,3817.169,365054496.0
hs300,2015-07-28,3690.974,3883.446,3811.093,3627.421,383527232.0
hs300,2015-07-29,3839.959,3934.003,3930.379,3769.189,276972832.0
hs300,2015-07-30,3915.78,3968.534,3815.412,3802.882,271548672.0
hs300,2015-07-31,3777.155,3863.624,3816.699,3757.989,222376768.0
hs300,2015-08-03,3766.072,3829.235,3829.235,3742.578,245805024.0
hs300,2015-08-04,3827.373,3948.449,3948.155,3801.028,220236560.0
hs300,2015-08-05,3937.623,3962.277,3866.9,3858.66,200484272.0
hs300,2015-08-06,3802.928,3888.693,3831.852,3793.237,147278688.0
hs300,2015-08-07,3866.43,3926.649,3906.945,3857.908,183349152.0
hs300,2015-08-10,3947.472,4101.731,4084.365,3932.842,306780544.0
hs300,2015-08-11,4083.589,4110.133,4066.669,4042.004,322034176.0
hs300,2015-08-12,4025.674,4078.03,4016.126,4015.355,255146192.0
hs300,2015-08-13,4010.013,4075.7,4075.463,3967.821,242836976.0
hs300,2015-08-14,4097.918,4113.159,4073.54,4056.727,253392992.0
hs300,2015-08-17,4058.113,4081.772,4077.872,4009.99,256939632.0
hs300,2015-08-18,4084.311,4103.054,3825.412,3816.554,319881056.0
hs300,2015-08-19,3748.266,3898.74,3886.136,3668.192,269049824.0
hs300,2015-08-20,3848.403,3880.824,3761.454,3761.454,212167968.0
hs300,2015-08-21,3714.289,3757.779,3589.536,3578.175,217986400.0
hs300,2015-08-24,3454.598,3468.149,3275.534,3266.55,255436656.0
hs300,2015-08-25,3070.007,3200.108,3042.927,3019.556,276081312.0
hs300,2015-08-26,3062.566,3192.932,3025.692,2952.008,308270624.0
hs300,2015-08-27,3092.812,3206.724,3205.638,3028.398,267294928.0
hs300,2015-08-28,3246.236,3353.244,3342.286,3223.622,299498432.0
hs300,2015-08-31,3307.396,3368.279,3366.536,3205.537,280250400.0
hs300,2015-09-01,3296.529,3370.504,3362.083,3190.578,352458528.0
hs300,2015-09-02,3220.851,3387.02,3365.832,3213.637,347789408.0
hs300,2015-09-07,3347.293,3422.225,3250.485,3240.243,204224432.0
hs300,2015-09-08,3221.789,3340.219,3334.023,3170.807,154599632.0
hs300,2015-09-09,3344.824,3426.651,3399.305,3330.29,220467424.0
hs300,2015-09-10,3349.281,3398.316,3357.561,3337.311,144882976.0
hs300,2015-09-11,3349.877,3383.134,3347.188,3315.478,108547504.0
hs300,2015-09-14,3367.642,3373.921,3281.132,3187.566,205457248.0
hs300,2015-09-15,3208.744,3240.079,3152.232,3131.98,143555648.0
hs300,2015-09-16,3149.158,3345.918,3309.248,3131.37,159710000.0
hs300,2015-09-17,3287.657,3354.905,3236.999,3236.999,169401888.0
hs300,2015-09-18,3254.443,3280.877,3251.273,3227.834,106903480.0
hs300,2015-09-21,3222.603,3312.55,3308.247,3211.934,122788672.0
hs300,2015-09-22,3312.366,3371.414,3339.03,3303.184,146221984.0
hs300,2015-09-23,3290.071,3315.935,3263.028,3253.333,123171440.0
hs300,2015-09-24,3278.896,3300.857,3284.999,3255.902,102011240.0
hs300,2015-09-25,3272.665,3290.858,3231.951,3201.914,121419280.0
hs300,2015-09-28,3226.607,3246.554,3242.752,3186.507,74219472.0
hs300,2015-09-29,3197.221,3208.417,3178.854,3159.042,87150632.0
hs300,2015-09-30,3195.901,3223.908,3202.948,3186.767,78559352.0
hs300,2015-10-07,3195.901,3223.908,3202.948,3186.767,78559352.0
hs300,2015-10-08,3324.981,3337.331,3296.482,3294.605,132081768.0
hs300,2015-10-09,3302.36,3352.379,3340.116,3293.965,124352496.0
hs300,2015-10-12,3351.139,3486.631,3447.693,3347.251,221400464.0
hs300,2015-10-13,3422.477,3452.045,3445.043,3413.967,145433792.0
hs300,2015-10-14,3431.135,3458.702,3406.112,3403.231,152173936.0
hs300,2015-10-15,3403.389,3486.815,3486.815,3402.316,171158304.0
hs300,2015-10-16,3508.518,3537.539,3534.065,3487.104,208964704.0
hs300,2015-10-19,3548.953,3572.995,3534.182,3502.505,207606752.0
hs300,2015-10-20,3527.875,3577.798,3577.703,3510.437,179025104.0
hs300,2015-10-21,3580.838,3601.243,3473.254,3417.412,282076064.0
hs300,2015-10-22,3453.201,3530.766,3524.534,3442.307,184305584.0
hs300,2015-10-23,3536.843,3581.836,3571.241,3515.822,198294480.0
hs300,2015-10-26,3614.702,3620.756,3589.261,3561.192,204248864.0
hs300,2015-10-27,3569.449,3601.053,3592.879,3486.102,192056144.0
hs300,2015-10-28,3575.805,3598.172,3524.92,3517.21,170977104.0
hs300,2015-10-29,3539.978,3561.814,3533.307,3507.966,127010448.0
hs300,2015-10-30,3530.223,3574.473,3534.079,3497.568,139141920.0
hs300,2015-11-02,3489.225,3543.45,3475.962,3474.712,130002568.0
hs300,2015-11-03,3484.722,3501.704,3465.493,3452.62,101401872.0
hs300,2015-11-04,3477.159,3628.538,3628.538,3477.159,205423872.0
hs300,2015-11-05,3630.782,3781.409,3705.97,3627.301,398046560.0
hs300,2015-11-06,3698.342,3801.705,3793.374,3694.657,298753088.0
hs300,2015-11-09,3796.379,3891.773,3840.355,3796.379,356804832.0
hs300,2015-11-10,3806.669,3876.49,3833.238,3798.821,286519616.0
hs300,2015-11-11,3828.448,3843.112,3833.646,3781.41,232234304.0
hs300,2015-11-12,3841.738,3843.9,3795.324,3771.274,217537648.0
hs300,2015-11-13,3756.204,3793.713,3746.242,3727.585,203489888.0
hs300,2015-11-16,3682.735,3764.409,3764.126,3680.073,161690896.0
hs300,2015-11-17,3790.426,3852.774,3758.387,3750.157,248533072.0
hs300,2015-11-18,3760.456,3771.847,3715.58,3706.31,185689488.0
hs300,2015-11-19,3725.622,3775.232,3774.969,3714.675,154631984.0
hs300,2015-11-20,3778.884,3793.545,3774.383,3757.026,186951696.0
hs300,2015-11-23,3774.436,3802.851,3753.335,3743.405,175626816.0
hs300,2015-11-24,3745.761,3754.169,3753.889,3702.737,143383280.0
hs300,2015-11-25,3747.759,3781.857,3781.607,3735.716,151944944.0
hs300,2015-11-26,3795.245,3805.844,3759.429,3756.823,173525472.0
hs300,2015-11-27,3739.096,3742.742,3556.992,3534.39,208939360.0
hs300,2015-11-30,3554.89,3587.97,3566.412,3455.068,173201168.0
hs300,2015-12-01,3562.319,3617.305,3591.696,3536.116,136536560.0
hs300,2015-12-02,3587.758,3725.854,3721.955,3573.403,213538864.0
hs300,2015-12-03,3709.547,3758.446,3749.299,3693.137,197762128.0
hs300,2015-12-04,3719.734,3726.124,3677.592,3667.291,151199520.0
hs300,2015-12-07,3681.582,3699.337,3687.607,3658.578,113883152.0
hs300,2015-12-08,3668.839,3668.839,3623.02,3619.445,125781080.0
hs300,2015-12-09,3613.42,3655.159,3635.938,3611.49,113325424.0
hs300,2015-12-10,3634.366,3678.318,3623.084,3615.991,120215624.0
hs300,2015-12-11,3605.372,3630.744,3608.059,3578.146,110322480.0
hs300,2015-12-14,3573.884,3712.503,3711.322,3570.998,151769120.0
hs300,2015-12-15,3707.73,3717.357,3694.389,3679.23,126481712.0
hs300,2015-12-16,3703.95,3713.09,3685.44,3677.45,111342720.0
hs300,2015-12-17,3712.783,3768.844,3755.888,3709.851,177924080.0
hs300,2015-12-18,3754.96,3810.218,3767.913,3750.925,173465984.0
hs300,2015-12-21,3762.097,3877.82,3865.965,3759.989,217435280.0
hs300,2015-12-22,3872.098,3880.468,3876.733,3841.593,180303664.0
hs300,2015-12-23,3877.872,3926.686,3866.381,3862.965,207017152.0
hs300,2015-12-24,3858.135,3867.679,3829.402,3787.084,147181392.0
hs300,2015-12-25,3832.085,3848.025,3838.201,3813.204,119624016.0
hs300,2015-12-28,3847.532,3853.389,3727.632,3727.632,153988448.0
hs300,2015-12-29,3723.05,3762.052,3761.875,3710.48,101885552.0
hs300,2015-12-30,3762.914,3765.657,3765.175,3726.278,105629952.0
hs300,2015-12-31,3760.904,3772.617,3731.005,3727.325,101873552.0
hs300,2016-01-04,3725.856,3726.245,3469.066,3468.949,115370672.0
hs300,2016-01-05,3382.177,3518.217,3478.78,3377.28,162116992.0
hs300,2016-01-06,3482.406,3543.739,3539.808,3468.467,145966144.0
hs300,2016-01-07,3481.15,3481.15,3294.384,3284.737,44102640.0
hs300,2016-01-08,3371.871,3418.851,3361.563,3237.931,185959456.0
hs300,2016-01-11,3303.125,3342.481,3192.45,3192.45,174638384.0
hs300,2016-01-12,3214.823,3242.253,3215.71,3174.55,128225792.0
hs300,2016-01-13,3240.484,3257.295,3155.879,3155.879,120666496.0
hs300,2016-01-14,3076.645,3226.658,3221.571,3072.039,134537664.0
hs300,2016-01-15,3200.888,3216.798,3118.73,3101.052,124601776.0
hs300,2016-01-18,3068.235,3165.616,3130.729,3066.727,101128384.0
hs300,2016-01-19,3132.705,3227.908,3223.125,3119.216,127653896.0
hs300,2016-01-20,3204.218,3225.95,3174.378,3154.426,130650504.0
hs300,2016-01-21,3136.384,3202.538,3081.345,3081.345,111189736.0
hs300,2016-01-22,3114.895,3132.171,3113.463,3053.958,89951088.0
hs300,2016-01-25,3129.028,3149.332,3128.886,3105.1,81540064.0
hs300,2016-01-26,3099.596,3106.53,2940.509,2934.647,126933920.0
hs300,2016-01-27,2953.183,2963.544,2930.352,2839.29,132229368.0
hs300,2016-01-28,2909.334,2941.887,2853.756,2841.844,99222752.0
hs300,2016-01-29,2855.598,2965.309,2946.09,2854.371,113304256.0
hs300,2016-02-01,2939.04,2944.517,2901.048,2869.561,86795344.0
hs300,2016-02-02,2901.528,2972.426,2961.334,2901.512,88601960.0
hs300,2016-02-03,2931.288,2954.71,2948.639,2909.898,77389000.0
hs300,2016-02-04,2960.334,2999.206,2984.76,2960.207,91779728.0
hs300,2016-02-05,2982.056,2988.36,2963.789,2962.847,76850808.0
hs300,2016-02-15,2888.428,2961.493,2946.707,2886.018,72919432.0
hs300,2016-02-16,2962.187,3042.089,3037.035,2962.187,112579640.0
hs300,2016-02-17,3034.09,3065.785,3063.32,3027.046,128291608.0
hs300,2016-02-18,3079.527,3093.513,3053.699,3049.841,124401464.0
hs300,2016-02-19,3047.942,3065.968,3051.585,3032.634,87338016.0
hs300,2016-02-22,3083.933,3128.207,3118.868,3071.329,140946976.0
hs300,2016-02-23,3117.203,3119.221,3089.363,3061.429,112567392.0
hs300,2016-02-24,3077.606,3109.545,3109.545,3055.251,111782648.0
hs300,2016-02-25,3104.41,3104.436,2918.75,2905.457,157829760.0
hs300,2016-02-26,2942.095,2964.385,2948.031,2902.948,106949728.0
hs300,2016-02-29,2939.58,2939.875,2877.467,2821.215,129341024.0
hs300,2016-03-01,2881.335,2950.436,2930.694,2863.323,116045920.0
hs300,2016-03-02,2933.921,3054.724,3051.333,2933.116,175972352.0
hs300,2016-03-03,3050.389,3078.444,3058.422,3040.246,173105744.0
hs300,2016-03-04,3047.537,3101.656,3093.89,3032.424,219172528.0
hs300,2016-03-07,3108.999,3130.903,3104.84,3083.584,132462040.0
hs300,2016-03-08,3100.149,3109.25,3107.673,3001.829,136235744.0
hs300,2016-03-09,3045.924,3072.916,3071.907,3020.134,111466248.0
hs300,2016-03-10,3056.21,3074.16,3013.146,3012.691,76072200.0
hs300,2016-03-11,2990.214,3026.437,3018.284,2982.172,73333568.0
hs300,2016-03-14,3039.569,3106.8,3065.69,3034.0,117108656.0
hs300,2016-03-15,3061.343,3077.085,3074.78,3028.578,98311944.0
hs300,2016-03-16,3068.866,3100.352,3090.033,3064.521,124736448.0
hs300,2016-03-17,3096.808,3147.841,3124.204,3077.572,121661776.0
hs300,2016-03-18,3136.223,3197.668,3171.963,3130.102,197302560.0
hs300,2016-03-21,3203.293,3267.775,3249.437,3198.361,233269472.0
hs300,2016-03-22,3231.615,3249.677,3225.79,3218.728,161020896.0
hs300,2016-03-23,3217.729,3242.247,3236.092,3202.976,125679288.0
hs300,2016-03-24,3211.496,3221.906,3181.851,3181.813,133131120.0
hs300,2016-03-25,3176.81,3204.442,3197.817,3174.318,97395328.0
hs300,2016-03-28,3206.953,3229.624,3169.728,3161.878,103441936.0
hs300,2016-03-29,3171.314,3178.075,3135.41,3122.761,97294744.0
hs300,2016-03-30,3161.289,3216.676,3216.275,3161.289,117802512.0
hs300,2016-03-31,3229.2,3241.927,3218.088,3208.665,121552072.0
hs300,2016-04-01,3213.674,3222.612,3221.895,3165.856,118122136.0
hs300,2016-04-05,3211.305,3271.93,3264.486,3205.207,146047776.0
hs300,2016-04-06,3250.522,3267.64,3257.528,3236.196,120196304.0
hs300,2016-04-07,3266.288,3270.82,3209.29,3208.644,112409464.0
hs300,2016-04-08,3189.846,3197.774,3185.726,3163.305,101005624.0
hs300,2016-04-11,3213.507,3251.572,3230.096,3213.507,125212712.0
hs300,2016-04-12,3227.367,3232.264,3218.45,3198.903,92869440.0
hs300,2016-04-13,3237.858,3296.523,3261.383,3237.858,195613872.0
hs300,2016-04-14,3277.098,3286.072,3275.832,3252.05,113157328.0
hs300,2016-04-15,3279.857,3282.985,3272.205,3261.73,99807528.0
hs300,2016-04-18,3252.671,3252.671,3228.453,3221.662,97090072.0
hs300,2016-04-19,3243.971,3250.725,3238.303,3221.577,80871440.0
hs300,2016-04-20,3244.142,3248.422,3181.026,3107.369,162207856.0
hs300,2016-04-21,3160.796,3198.557,3160.603,3150.94,104752648.0
hs300,2016-04-22,3142.561,3175.38,3174.901,3137.993,77078496.0
hs300,2016-04-25,3164.738,3172.269,3162.033,3137.113,67519352.0
hs300,2016-04-26,3159.771,3181.095,3179.161,3150.404,59020736.0
hs300,2016-04-27,3181.931,3188.826,3165.916,3162.691,60004148.0
hs300,2016-04-28,3169.333,3174.766,3160.581,3135.643,69870656.0
hs300,2016-04-29,3153.537,3171.289,3156.745,3149.397,58029776.0
hs300,2016-05-03,3159.823,3218.485,3213.54,3151.405,98164832.0
hs300,2016-05-04,3203.465,3222.882,3209.461,3198.292,90862408.0
hs300,2016-05-05,3204.169,3217.282,3213.92,3196.566,74733680.0
hs300,2016-05-06,3213.136,3216.893,3130.354,3130.147,108680240.0
hs300,2016-05-09,3115.43,3115.43,3065.615,3055.005,99230480.0
hs300,2016-05-10,3055.211,3084.724,3069.112,3055.183,68849936.0
hs300,2016-05-11,3080.636,3102.876,3082.808,3063.088,81794256.0
hs300,2016-05-12,3059.383,3095.348,3090.137,3035.022,78765728.0
hs300,2016-05-13,3081.679,3103.095,3074.935,3064.691,62629756.0
hs300,2016-05-16,3064.526,3095.555,3095.308,3053.661,59461856.0
hs300,2016-05-17,3095.522,3105.201,3086.024,3073.459,65278124.0
hs300,2016-05-18,3071.529,3072.612,3068.035,3039.461,82715368.0
hs300,2016-05-19,3060.342,3086.977,3062.5,3058.145,60444168.0
hs300,2016-05-20,3047.777,3078.531,3078.218,3041.516,56080840.0
hs300,2016-05-23,3078.515,3098.478,3087.222,3076.503,59697216.0
hs300,2016-05-24,3083.244,3083.257,3063.555,3052.59,58734384.0
hs300,2016-05-25,3079.748,3089.102,3059.225,3054.869,56652804.0
hs300,2016-05-26,3056.6,3072.524,3064.211,3027.444,60392980.0
hs300,2016-05-27,3059.732,3073.756,3062.499,3052.179,60468752.0
hs300,2016-05-30,3056.313,3075.261,3066.709,3037.664,63098580.0
hs300,2016-05-31,3068.596,3170.926,3169.559,3068.596,138863104.0
hs300,2016-06-01,3172.961,3181.792,3160.547,3159.817,113148480.0
hs300,2016-06-02,3158.025,3168.824,3167.099,3151.065,86003424.0
hs300,2016-06-03,3172.946,3201.749,3189.325,3162.088,101491784.0
hs300,2016-06-06,3192.779,3197.22,3178.788,3168.554,76693752.0
hs300,2016-06-07,3182.437,3186.616,3177.053,3168.179,68928312.0
hs300,2016-06-08,3171.813,3174.971,3163.986,3148.351,76291776.0
hs300,2016-06-13,3134.045,3145.605,3066.341,3065.767,92975944.0
hs300,2016-06-14,3058.443,3078.749,3075.983,3055.655,66279456.0
hs300,2016-06-15,3043.957,3128.673,3116.368,3042.232,87393256.0
hs300,2016-06-16,3104.361,3112.475,3094.674,3089.477,82974704.0
hs300,2016-06-17,3096.09,3131.048,3110.357,3096.09,85402984.0
hs300,2016-06-20,3114.906,3118.725,3112.674,3089.712,63587140.0
hs300,2016-06-21,3124.898,3155.492,3106.317,3097.94,87965344.0
hs300,2016-06-22,3100.449,3134.06,3133.961,3096.991,66487112.0
hs300,2016-06-23,3129.72,3129.72,3117.316,3102.481,67751736.0
hs300,2016-06-24,3110.646,3130.539,3077.155,3033.965,104792208.0
hs300,2016-06-27,3065.128,3120.64,3120.544,3064.966,83267256.0
hs300,2016-06-28,3107.397,3139.43,3136.401,3099.701,92024640.0
hs300,2016-06-29,3142.484,3158.076,3151.389,3139.132,103723664.0
hs300,2016-06-30,3152.833,3163.72,3153.921,3148.198,79692616.0
hs300,2016-07-01,3156.932,3170.258,3154.2,3148.294,71746280.0
hs300,2016-07-04,3136.385,3210.601,3204.696,3134.023,133310528.0
hs300,2016-07-05,3199.157,3216.702,3207.382,3197.995,130226896.0
hs300,2016-07-06,3197.624,3217.515,3216.803,3183.451,124897456.0
hs300,2016-07-07,3206.55,3220.54,3209.954,3190.123,118595200.0
hs300,2016-07-08,3199.754,3204.928,3192.28,3183.959,89734856.0
hs300,2016-07-11,3199.038,3235.962,3203.329,3197.625,138529504.0
hs300,2016-07-12,3201.906,3273.473,3273.182,3200.303,172534224.0
hs300,2016-07-13,3274.02,3300.991,3282.868,3271.775,175196096.0
hs300,2016-07-14,3277.481,3281.95,3276.763,3259.065,107525800.0
hs300,2016-07-15,3278.835,3285.026,3276.277,3265.29,102665024.0
hs300,2016-07-18,3269.707,3281.637,3262.022,3251.765,110312520.0
hs300,2016-07-19,3260.434,3264.73,3248.234,3226.198,88886864.0
hs300,2016-07-20,3246.862,3254.507,3237.605,3232.256,72701256.0
hs300,2016-07-21,3238.336,3271.373,3252.522,3238.303,86004824.0
hs300,2016-07-22,3251.242,3253.769,3225.162,3220.893,86029128.0
hs300,2016-07-25,3220.165,3243.79,3230.885,3218.141,70203184.0
hs300,2016-07-26,3228.234,3269.745,3269.588,3228.007,81051088.0
hs300,2016-07-27,3270.083,3276.511,3218.243,3157.409,160188672.0
hs300,2016-07-28,3204.464,3235.781,3221.136,3195.269,112779968.0
hs300,2016-07-29,3217.192,3225.418,3203.93,3198.683,88044840.0
hs300,2016-08-01,3196.425,3199.975,3176.809,3156.748,87003496.0
hs300,2016-08-02,3173.757,3189.052,3189.052,3165.542,62167640.0
hs300,2016-08-03,3179.684,3197.157,3193.507,3173.535,72864104.0
hs300,2016-08-04,3190.546,3201.553,3201.288,3170.418,73504376.0
hs300,2016-08-05,3201.354,3224.873,3205.11,3192.861,77196368.0
hs300,2016-08-08,3199.572,3234.479,3234.183,3187.252,86676048.0
hs300,2016-08-09,3232.603,3257.333,3256.981,3229.174,91065256.0
hs300,2016-08-10,3255.182,3261.86,3243.34,3242.75,90430368.0
hs300,2016-08-11,3239.558,3274.026,3233.36,3232.612,101041216.0
hs300,2016-08-12,3231.806,3294.233,3294.233,3231.136,116254048.0
hs300,2016-08-15,3303.468,3417.914,3393.423,3302.377,220543424.0
hs300,2016-08-16,3403.383,3418.688,3378.245,3372.02,196389744.0
hs300,2016-08-17,3377.771,3394.388,3373.047,3356.924,138847680.0
hs300,2016-08-18,3369.947,3394.791,3364.485,3349.687,142380176.0
hs300,2016-08-19,3358.555,3374.045,3365.019,3341.192,119961504.0
hs300,2016-08-22,3364.681,3372.833,3336.794,3335.469,107951008.0
hs300,2016-08-23,3332.621,3359.647,3341.829,3324.96,92924512.0
hs300,2016-08-24,3341.93,3348.129,3329.863,3323.725,81191432.0
hs300,2016-08-25,3314.084,3315.081,3308.972,3279.806,100589152.0
hs300,2016-08-26,3312.499,3328.945,3307.09,3301.735,81530688.0
hs300,2016-08-29,3306.574,3315.078,3307.781,3297.069,77036336.0
hs300,2016-08-30,3310.318,3325.121,3311.987,3304.596,75725984.0
hs300,2016-08-31,3310.565,3333.972,3327.793,3304.655,79570808.0
hs300,2016-09-01,3326.738,3329.345,3301.576,3301.212,84947216.0
hs300,2016-09-02,3298.721,3320.425,3314.114,3295.755,82791800.0
hs300,2016-09-05,3321.005,3338.419,3319.68,3314.629,78292480.0
hs300,2016-09-06,3322.018,3347.951,3342.625,3300.125,98284000.0
hs300,2016-09-07,3344.065,3357.356,3340.817,3337.75,102940104.0
hs300,2016-09-08,3338.008,3343.395,3339.564,3328.226,71916160.0
hs300,2016-09-09,3339.373,3344.951,3318.044,3318.044,82657040.0
hs300,2016-09-12,3271.87,3276.716,3262.604,3234.573,122917680.0
hs300,2016-09-13,3265.337,3269.222,3260.333,3246.385,67180288.0
hs300,2016-09-14,3245.737,3254.995,3238.729,3231.335,70432696.0
hs300,2016-09-19,3242.742,3264.899,3263.124,3242.742,58831080.0
hs300,2016-09-20,3264.664,3265.035,3257.403,3252.388,52784208.0
hs300,2016-09-21,3257.709,3270.902,3266.636,3254.321,59142980.0
hs300,2016-09-22,3281.471,3303.199,3291.121,3277.979,75753544.0
hs300,2016-09-23,3292.278,3293.916,3275.666,3275.025,57993984.0
hs300,2016-09-26,3267.69,3267.69,3220.283,3220.283,70452184.0
hs300,2016-09-27,3214.87,3240.775,3240.754,3214.441,58460552.0
hs300,2016-09-28,3243.647,3243.647,3230.89,3227.996,44727496.0
hs300,2016-09-29,3234.857,3257.766,3244.387,3234.803,55452556.0
hs300,2016-09-30,3240.177,3260.94,3253.284,3239.036,44978024.0
hs300,2016-10-10,3265.364,3294.64,3293.868,3258.958,80519264.0
hs300,2016-10-11,3296.867,3308.004,3306.557,3292.877,87713160.0
hs300,2016-10-12,3299.138,3302.561,3300.009,3289.753,68669784.0
hs300,2016-10-13,3299.155,3307.409,3302.645,3292.397,81224200.0
hs300,2016-10-14,3298.734,3306.685,3305.848,3285.729,82316272.0
hs300,2016-10-17,3305.963,3309.009,3277.878,3271.541,86113512.0
hs300,2016-10-18,3272.681,3321.332,3321.332,3272.681,102860712.0
hs300,2016-10-19,3323.303,3332.52,3316.24,3309.831,101167728.0
hs300,2016-10-20,3317.179,3324.903,3318.604,3312.174,79238872.0
hs300,2016-10-21,3315.715,3341.56,3327.74,3309.178,109785176.0
hs300,2016-10-24,3332.512,3382.825,3367.577,3330.967,153014352.0
hs300,2016-10-25,3367.475,3373.913,3367.454,3356.585,111191696.0
hs300,2016-10-26,3365.197,3367.831,3354.8,3349.574,98024784.0
hs300,2016-10-27,3351.46,3352.354,3345.695,3335.133,77629848.0
hs300,2016-10-28,3347.143,3370.748,3340.126,3337.288,93133312.0
