code,date,direction,volume,price
600252,2016-03-22 00:00:00,buy,100,178.21000000000001
600252,2016-03-23 00:00:00,buy,100,177.15000000000001
600252,2016-03-24 00:00:00,buy,100,172.19999999999999
600252,2016-03-25 00:00:00,buy,100,175.72999999999999
600252,2016-03-28 00:00:00,sell,400,175.82249999999999
600252,2016-04-05 00:00:00,buy,100,176.44
600252,2016-04-06 00:00:00,buy,100,183.50999999999999
600252,2016-04-07 00:00:00,buy,100,178.91
600252,2016-04-08 00:00:00,buy,100,175.72999999999999
600252,2016-04-11 00:00:00,buy,100,179.62
600252,2016-04-12 00:00:00,buy,100,176.78999999999999
600252,2016-04-13 00:00:00,buy,100,178.91
600252,2016-04-14 00:00:00,buy,100,181.03
600252,2016-04-15 00:00:00,buy,100,179.97
600252,2016-04-18 00:00:00,buy,100,176.78999999999999
600252,2016-04-19 00:00:00,buy,100,177.5
600252,2016-04-20 00:00:00,buy,100,170.06999999999999
600252,2016-04-21 00:00:00,sell,1200,177.93916666666667
600252,2016-07-01 00:00:00,buy,100,153.46000000000001
600252,2016-07-04 00:00:00,buy,100,155.22
600252,2016-07-05 00:00:00,buy,100,155.58000000000001
600252,2016-07-06 00:00:00,buy,100,155.58000000000001
600252,2016-07-07 00:00:00,buy,100,156.99000000000001
600252,2016-07-08 00:00:00,buy,100,155.93000000000001
600252,2016-07-11 00:00:00,buy,100,156.99000000000001
600252,2016-07-12 00:00:00,buy,100,164.77000000000001
600252,2016-07-13 00:00:00,buy,100,163.71000000000001
600252,2016-07-14 00:00:00,buy,100,164.41999999999999
600252,2016-07-15 00:00:00,buy,100,163.36000000000001
600252,2016-07-18 00:00:00,buy,100,160.53
600252,2016-07-19 00:00:00,buy,100,160.88
600252,2016-07-20 00:00:00,buy,100,160.16999999999999
600252,2016-07-21 00:00:00,buy,100,160.53
600252,2016-07-22 00:00:00,buy,100,157.69999999999999
600252,2016-07-25 00:00:00,buy,100,157.34
600252,2016-07-26 00:00:00,buy,100,159.81999999999999
600252,2016-07-27 00:00:00,buy,100,155.93000000000001
600252,2016-07-28 00:00:00,buy,100,154.16
600252,2016-07-29 00:00:00,buy,100,154.87
600252,2016-08-01 00:00:00,sell,2100,158.47333333333333
600252,2016-08-18 00:00:00,buy,100,163.36000000000001
600252,2016-08-19 00:00:00,buy,100,161.94
600252,2016-08-22 00:00:00,buy,100,160.16999999999999
600252,2016-08-23 00:00:00,buy,100,160.88
600252,2016-08-24 00:00:00,buy,100,159.47
600252,2016-08-25 00:00:00,buy,100,158.41
600252,2016-08-26 00:00:00,buy,100,159.81999999999999
600252,2016-08-29 00:00:00,buy,100,159.47
600252,2016-08-30 00:00:00,buy,100,159.81999999999999
600252,2016-08-31 00:00:00,buy,100,159.47
600252,2016-09-01 00:00:00,buy,100,158.05000000000001
600252,2016-09-02 00:00:00,buy,100,157.69999999999999
600252,2016-09-05 00:00:00,buy,100,158.41
600252,2016-09-06 00:00:00,buy,100,159.81999999999999
600252,2016-09-07 00:00:00,buy,100,160.88
600252,2016-09-08 00:00:00,buy,100,159.81999999999999
600252,2016-09-09 00:00:00,buy,100,158.41
600252,2016-09-12 00:00:00,buy,100,154.87
600252,2016-09-13 00:00:00,sell,1800,159.48722222222224
601668,2016-02-24 00:00:00,buy,100,6.3600000000000003
601668,2016-02-25 00:00:00,buy,100,5.9900000000000002
601668,2016-02-26 00:00:00,buy,100,6.0099999999999998
601668,2016-02-29 00:00:00,sell,300,6.1200000000000001
601668,2016-03-03 00:00:00,buy,100,6.4400000000000004
601668,2016-03-04 00:00:00,buy,100,6.5599999999999996
601668,2016-03-07 00:00:00,buy,100,6.54
601668,2016-03-08 00:00:00,buy,100,6.5300000000000002
601668,2016-03-09 00:00:00,buy,100,6.5
601668,2016-03-10 00:00:00,buy,100,6.3499999999999996
601668,2016-03-11 00:00:00,buy,100,6.4000000000000004
601668,2016-03-14 00:00:00,buy,100,6.54
601668,2016-03-15 00:00:00,buy,100,6.79
601668,2016-03-16 00:00:00,buy,100,6.8600000000000003
601668,2016-03-17 00:00:00,buy,100,6.8099999999999996
601668,2016-03-18 00:00:00,buy,100,6.75
601668,2016-03-21 00:00:00,buy,100,6.8300000000000001
601668,2016-03-22 00:00:00,buy,100,6.8300000000000001
601668,2016-03-23 00:00:00,buy,100,6.7800000000000002
601668,2016-03-24 00:00:00,buy,100,6.6799999999999997
601668,2016-03-25 00:00:00,buy,100,6.7000000000000002
601668,2016-03-28 00:00:00,buy,100,6.5800000000000001
601668,2016-03-29 00:00:00,buy,100,6.5
601668,2016-03-30 00:00:00,buy,100,6.6799999999999997
601668,2016-03-31 00:00:00,buy,100,6.6500000000000004
601668,2016-04-01 00:00:00,buy,100,6.7199999999999998
601668,2016-04-05 00:00:00,buy,100,6.7199999999999998
601668,2016-04-06 00:00:00,buy,100,6.6799999999999997
601668,2016-04-07 00:00:00,buy,100,6.5800000000000001
601668,2016-04-08 00:00:00,buy,100,6.5300000000000002
601668,2016-04-11 00:00:00,buy,100,6.5999999999999996
601668,2016-04-12 00:00:00,sell,2700,6.6344444444444441
601668,2016-04-15 00:00:00,buy,100,6.6900000000000004
601668,2016-04-18 00:00:00,buy,100,6.5999999999999996
601668,2016-04-19 00:00:00,buy,100,6.5800000000000001
601668,2016-04-20 00:00:00,sell,300,6.6233333333333331
601668,2016-06-03 00:00:00,buy,100,6.3499999999999996
601668,2016-06-06 00:00:00,buy,100,6.3399999999999999
601668,2016-06-07 00:00:00,buy,100,6.3300000000000001
601668,2016-06-08 00:00:00,buy,100,6.3300000000000001
601668,2016-06-13 00:00:00,buy,100,6.1799999999999997
601668,2016-06-14 00:00:00,buy,100,6.2300000000000004
601668,2016-06-15 00:00:00,sell,600,6.293333333333333
601668,2016-06-20 00:00:00,buy,100,6.29
601668,2016-06-21 00:00:00,buy,100,6.3099999999999996
601668,2016-06-22 00:00:00,buy,100,6.3399999999999999
601668,2016-06-23 00:00:00,buy,100,6.3099999999999996
601668,2016-06-24 00:00:00,buy,100,6.25
601668,2016-06-27 00:00:00,buy,100,6.3099999999999996
601668,2016-06-28 00:00:00,buy,100,6.3200000000000003
601668,2016-06-29 00:00:00,buy,100,6.46
601668,2016-06-30 00:00:00,buy,100,6.4500000000000002
601668,2016-07-01 00:00:00,buy,100,6.4299999999999997
601668,2016-07-04 00:00:00,buy,100,6.5199999999999996
601668,2016-07-05 00:00:00,buy,100,6.6200000000000001
601668,2016-07-06 00:00:00,buy,100,6.5700000000000003
601668,2016-07-07 00:00:00,buy,100,6.54
601668,2016-07-08 00:00:00,buy,100,6.5
601668,2016-07-11 00:00:00,buy,100,6.5099999999999998
601668,2016-07-12 00:00:00,buy,100,6.6699999999999999
601668,2016-07-13 00:00:00,buy,100,6.75
601668,2016-07-14 00:00:00,buy,100,6.6799999999999997
601668,2016-07-15 00:00:00,buy,100,6.7400000000000002
601668,2016-07-18 00:00:00,buy,100,6.6799999999999997
601668,2016-07-19 00:00:00,buy,100,6.6699999999999999
601668,2016-07-20 00:00:00,buy,100,6.6600000000000001
601668,2016-07-21 00:00:00,buy,100,6.71
601668,2016-07-22 00:00:00,buy,100,6.6299999999999999
601668,2016-07-25 00:00:00,buy,100,6.6399999999999997
601668,2016-07-26 00:00:00,buy,100,6.7400000000000002
601668,2016-07-27 00:00:00,buy,100,6.8300000000000001
601668,2016-07-28 00:00:00,buy,100,6.9699999999999998
601668,2016-07-29 00:00:00,buy,100,6.9100000000000001
601668,2016-08-01 00:00:00,buy,100,6.9900000000000002
601668,2016-08-02 00:00:00,buy,100,7.0099999999999998
601668,2016-08-03 00:00:00,buy,100,7.1299999999999999
601668,2016-08-04 00:00:00,buy,100,7.0800000000000001
601668,2016-08-05 00:00:00,buy,100,7.0700000000000003
601668,2016-08-08 00:00:00,buy,100,7.1699999999999999
601668,2016-08-09 00:00:00,buy,100,7.4500000000000002
601668,2016-08-10 00:00:00,buy,100,7.3200000000000003
601668,2016-08-11 00:00:00,buy,100,7.2800000000000002
601668,2016-08-12 00:00:00,buy,100,7.5099999999999998
601668,2016-08-15 00:00:00,buy,100,7.7000000000000002
601668,2016-08-16 00:00:00,buy,100,7.7999999999999998
601668,2016-08-17 00:00:00,buy,100,7.9800000000000004
601668,2016-08-18 00:00:00,buy,100,7.8300000000000001
601668,2016-08-19 00:00:00,buy,100,7.8300000000000001
601668,2016-08-22 00:00:00,buy,100,7.7400000000000002
601668,2016-08-23 00:00:00,buy,100,7.7999999999999998
601668,2016-08-24 00:00:00,buy,100,7.75
601668,2016-08-25 00:00:00,buy,100,7.5800000000000001
601668,2016-08-26 00:00:00,buy,100,7.6200000000000001
601668,2016-08-29 00:00:00,buy,100,7.6799999999999997
601668,2016-08-30 00:00:00,buy,100,7.7400000000000002
601668,2016-08-31 00:00:00,buy,100,7.7599999999999998
601668,2016-09-01 00:00:00,buy,100,7.6900000000000004
601668,2016-09-02 00:00:00,buy,100,7.7400000000000002
601668,2016-09-05 00:00:00,buy,100,7.7400000000000002
601668,2016-09-06 00:00:00,buy,100,7.7699999999999996
601668,2016-09-07 00:00:00,buy,100,7.96
601668,2016-09-08 00:00:00,buy,100,7.8899999999999997
601668,2016-09-09 00:00:00,buy,100,7.8200000000000003
601668,2016-09-12 00:00:00,buy,100,7.6299999999999999
601668,2016-09-13 00:00:00,buy,100,7.5499999999999998
601668,2016-09-14 00:00:00,buy,100,7.4900000000000002
601668,2016-09-19 00:00:00,sell,6300,8.5163809523809526
601800,2016-02-22 00:00:00,buy,100,13.710000000000001
601800,2016-02-23 00:00:00,buy,100,13.4
601800,2016-02-24 00:00:00,buy,100,13.69
601800,2016-02-25 00:00:00,buy,100,12.34
601800,2016-02-26 00:00:00,buy,100,12.5
601800,2016-02-29 00:00:00,sell,500,13.128
601800,2016-03-04 00:00:00,buy,100,13.699999999999999
601800,2016-03-07 00:00:00,buy,100,13.539999999999999
601800,2016-03-08 00:00:00,buy,100,13.57
601800,2016-03-09 00:00:00,buy,100,13.49
601800,2016-03-10 00:00:00,buy,100,13.01
601800,2016-03-11 00:00:00,buy,100,13.18
601800,2016-03-14 00:00:00,buy,100,13.41
601800,2016-03-15 00:00:00,buy,100,13.380000000000001
601800,2016-03-16 00:00:00,buy,100,13.529999999999999
601800,2016-03-17 00:00:00,buy,100,13.6
601800,2016-03-18 00:00:00,buy,100,13.77
601800,2016-03-21 00:00:00,buy,100,14.65
601800,2016-03-22 00:00:00,buy,100,14.220000000000001
601800,2016-03-23 00:00:00,buy,100,14.210000000000001
601800,2016-03-24 00:00:00,buy,100,13.92
601800,2016-03-25 00:00:00,buy,100,14.15
601800,2016-03-28 00:00:00,buy,100,13.91
601800,2016-03-29 00:00:00,buy,100,13.65
601800,2016-03-30 00:00:00,buy,100,14.01
601800,2016-03-31 00:00:00,buy,100,14.09
601800,2016-04-01 00:00:00,buy,100,14.15
601800,2016-04-05 00:00:00,buy,100,14.550000000000001
601800,2016-04-06 00:00:00,buy,100,14.390000000000001
601800,2016-04-07 00:00:00,buy,100,14.09
601800,2016-04-08 00:00:00,buy,100,14.02
601800,2016-04-11 00:00:00,buy,100,14.27
601800,2016-04-12 00:00:00,buy,100,14.07
601800,2016-04-13 00:00:00,buy,100,14.34
601800,2016-04-14 00:00:00,buy,100,14.470000000000001
601800,2016-04-15 00:00:00,buy,100,14.289999999999999
601800,2016-04-18 00:00:00,buy,100,13.99
601800,2016-04-19 00:00:00,buy,100,13.970000000000001
601800,2016-04-20 00:00:00,buy,100,13.619999999999999
601800,2016-04-21 00:00:00,sell,3300,13.915454545454546
601800,2016-07-04 00:00:00,buy,100,12.58
601800,2016-07-05 00:00:00,buy,100,12.84
601800,2016-07-06 00:00:00,buy,100,12.630000000000001
601800,2016-07-07 00:00:00,buy,100,12.640000000000001
601800,2016-07-08 00:00:00,buy,100,12.539999999999999
601800,2016-07-11 00:00:00,buy,100,12.58
601800,2016-07-12 00:00:00,buy,100,12.91
601800,2016-07-13 00:00:00,buy,100,13.01
601800,2016-07-14 00:00:00,buy,100,12.85
601800,2016-07-15 00:00:00,buy,100,12.91
601800,2016-07-18 00:00:00,buy,100,12.880000000000001
601800,2016-07-19 00:00:00,buy,100,12.84
601800,2016-07-20 00:00:00,buy,100,12.75
601800,2016-07-21 00:00:00,buy,100,12.76
601800,2016-07-22 00:00:00,buy,100,12.6
601800,2016-07-25 00:00:00,buy,100,12.6
601800,2016-07-26 00:00:00,buy,100,12.720000000000001
601800,2016-07-27 00:00:00,buy,100,12.609999999999999
601800,2016-07-28 00:00:00,buy,100,12.74
601800,2016-07-29 00:00:00,buy,100,12.76
601800,2016-08-01 00:00:00,buy,100,12.5
601800,2016-08-02 00:00:00,buy,100,12.56
601800,2016-08-03 00:00:00,buy,100,12.51
601800,2016-08-04 00:00:00,sell,2300,12.709565217391305
601800,2016-08-10 00:00:00,buy,100,13.07
601800,2016-08-11 00:00:00,buy,100,12.93
601800,2016-08-12 00:00:00,buy,100,13.220000000000001
601800,2016-08-15 00:00:00,buy,100,13.84
601800,2016-08-16 00:00:00,buy,100,13.779999999999999
601800,2016-08-17 00:00:00,buy,100,14.220000000000001
601800,2016-08-18 00:00:00,buy,100,14.23
601800,2016-08-19 00:00:00,buy,100,14.85
601800,2016-08-22 00:00:00,buy,100,14.539999999999999
601800,2016-08-23 00:00:00,buy,100,14.35
601800,2016-08-24 00:00:00,buy,100,14.449999999999999
601800,2016-08-25 00:00:00,buy,100,14.1
601800,2016-08-26 00:00:00,buy,100,13.91
601800,2016-08-29 00:00:00,buy,100,14.25
601800,2016-08-30 00:00:00,buy,100,14.1
601800,2016-08-31 00:00:00,buy,100,14.1
601800,2016-09-01 00:00:00,buy,100,13.970000000000001
601800,2016-09-02 00:00:00,buy,100,14.08
601800,2016-09-05 00:00:00,buy,100,13.67
601800,2016-09-06 00:00:00,buy,100,13.710000000000001
601800,2016-09-07 00:00:00,buy,100,13.960000000000001
601800,2016-09-08 00:00:00,buy,100,13.84
601800,2016-09-09 00:00:00,buy,100,13.789999999999999
601800,2016-09-12 00:00:00,buy,100,13.539999999999999
601800,2016-09-13 00:00:00,buy,100,13.41
601800,2016-09-14 00:00:00,sell,2500,13.916399999999999
000728,2016-02-24 00:00:00,buy,100,25.219999999999999
000728,2016-02-25 00:00:00,sell,100,25.219999999999999
000728,2016-03-08 00:00:00,buy,100,24.420000000000002
000728,2016-03-09 00:00:00,buy,100,23.670000000000002
000728,2016-03-10 00:00:00,sell,200,24.045000000000002
000728,2016-03-18 00:00:00,buy,100,25.77
000728,2016-03-21 00:00:00,buy,100,28.34
000728,2016-03-22 00:00:00,buy,100,27.510000000000002
000728,2016-03-23 00:00:00,buy,100,28.010000000000002
000728,2016-03-24 00:00:00,buy,100,26.52
000728,2016-03-25 00:00:00,buy,100,27.219999999999999
000728,2016-03-28 00:00:00,buy,100,26.460000000000001
000728,2016-03-29 00:00:00,buy,100,26.039999999999999
000728,2016-03-30 00:00:00,buy,100,27.059999999999999
000728,2016-03-31 00:00:00,buy,100,26.809999999999999
000728,2016-04-01 00:00:00,buy,100,26.32
000728,2016-04-05 00:00:00,buy,100,27.170000000000002
000728,2016-04-06 00:00:00,buy,100,26.960000000000001
000728,2016-04-07 00:00:00,buy,100,26.190000000000001
000728,2016-04-08 00:00:00,buy,100,25.52
000728,2016-04-11 00:00:00,buy,100,26.539999999999999
000728,2016-04-12 00:00:00,buy,100,26.129999999999999
000728,2016-04-13 00:00:00,buy,100,26.800000000000001
000728,2016-04-14 00:00:00,buy,100,27.059999999999999
000728,2016-04-15 00:00:00,buy,100,26.780000000000001
000728,2016-04-18 00:00:00,buy,100,25.84
000728,2016-04-19 00:00:00,buy,100,26.129999999999999
000728,2016-04-20 00:00:00,buy,100,25.0
000728,2016-04-21 00:00:00,sell,2300,26.616521739130434
000728,2016-06-02 00:00:00,buy,100,24.350000000000001
000728,2016-06-03 00:00:00,buy,100,24.379999999999999
000728,2016-06-06 00:00:00,buy,100,24.149999999999999
000728,2016-06-07 00:00:00,buy,100,24.199999999999999
000728,2016-07-08 00:00:00,buy,100,25.120000000000001
000728,2016-07-11 00:00:00,buy,100,26.16
000728,2016-07-12 00:00:00,buy,100,28.780000000000001
000728,2016-07-13 00:00:00,buy,100,28.620000000000001
000728,2016-07-14 00:00:00,buy,100,28.870000000000001
000728,2016-07-15 00:00:00,buy,100,28.420000000000002
000728,2016-07-18 00:00:00,buy,100,27.350000000000001
000728,2016-07-19 00:00:00,buy,100,27.640000000000001
000728,2016-07-20 00:00:00,buy,100,27.199999999999999
000728,2016-07-21 00:00:00,buy,100,28.609999999999999
000728,2016-07-22 00:00:00,buy,100,28.039999999999999
000728,2016-07-25 00:00:00,buy,100,27.420000000000002
000728,2016-07-26 00:00:00,buy,100,28.32
000728,2016-07-27 00:00:00,buy,100,27.640000000000001
000728,2016-07-28 00:00:00,buy,100,26.699999999999999
000728,2016-07-29 00:00:00,buy,100,26.170000000000002
000728,2016-08-01 00:00:00,buy,100,26.190000000000001
000728,2016-08-02 00:00:00,buy,100,26.27
000728,2016-08-03 00:00:00,buy,100,26.25
000728,2016-08-04 00:00:00,buy,100,26.539999999999999
000728,2016-08-05 00:00:00,buy,100,26.289999999999999
000728,2016-08-08 00:00:00,buy,100,26.41
000728,2016-08-09 00:00:00,sell,2600,26.772692307692306
000728,2016-08-11 00:00:00,buy,100,27.879999999999999
000728,2016-08-12 00:00:00,buy,100,28.66
000728,2016-08-15 00:00:00,buy,100,30.690000000000001
000728,2016-08-16 00:00:00,buy,100,30.109999999999999
000728,2016-08-17 00:00:00,buy,100,29.75
000728,2016-08-18 00:00:00,buy,100,30.0
000728,2016-08-19 00:00:00,buy,100,29.890000000000001
000728,2016-08-22 00:00:00,buy,100,28.75
000728,2016-08-23 00:00:00,buy,100,29.050000000000001
000728,2016-08-24 00:00:00,buy,100,28.93
000728,2016-08-25 00:00:00,buy,100,29.489999999999998
000728,2016-08-26 00:00:00,buy,100,29.07
000728,2016-08-29 00:00:00,buy,100,29.32
000728,2016-08-30 00:00:00,buy,100,30.140000000000001
000728,2016-08-31 00:00:00,buy,100,30.91
000728,2016-09-01 00:00:00,buy,100,29.879999999999999
000728,2016-09-02 00:00:00,buy,100,30.16
000728,2016-09-05 00:00:00,buy,100,29.82
000728,2016-09-06 00:00:00,buy,100,29.91
000728,2016-09-07 00:00:00,buy,100,29.82
000728,2016-09-08 00:00:00,buy,100,29.82
000728,2016-09-09 00:00:00,buy,100,29.309999999999999
000728,2016-09-12 00:00:00,buy,100,27.989999999999998
000728,2016-09-13 00:00:00,buy,100,28.050000000000001
000728,2016-09-14 00:00:00,sell,2400,29.475000000000001
000728,2016-09-28 00:00:00,buy,100,29.699999999999999
000728,2016-09-29 00:00:00,buy,100,30.329999999999998
000728,2016-09-30 00:00:00,buy,100,30.18
000728,2016-09-30 00:00:00,sell,300,30.18
002202,2016-03-23 00:00:00,buy,100,82.519999999999996
002202,2016-03-24 00:00:00,buy,100,79.980000000000004
002202,2016-03-25 00:00:00,buy,100,81.920000000000002
002202,2016-03-28 00:00:00,buy,100,80.719999999999999
002202,2016-03-29 00:00:00,buy,100,80.230000000000004
002202,2016-03-30 00:00:00,buy,100,82.469999999999999
002202,2016-03-31 00:00:00,buy,100,81.819999999999993
002202,2016-04-01 00:00:00,buy,100,81.319999999999993
002202,2016-04-05 00:00:00,buy,100,83.219999999999999
002202,2016-04-06 00:00:00,buy,100,83.469999999999999
002202,2016-04-07 00:00:00,buy,100,82.019999999999996
002202,2016-04-08 00:00:00,buy,100,80.819999999999993
002202,2016-04-11 00:00:00,buy,100,81.870000000000005
002202,2016-04-12 00:00:00,buy,100,82.319999999999993
002202,2016-04-13 00:00:00,buy,100,83.269999999999996
002202,2016-04-14 00:00:00,buy,100,83.469999999999999
002202,2016-04-15 00:00:00,buy,100,82.719999999999999
002202,2016-04-18 00:00:00,buy,100,81.170000000000002
002202,2016-04-19 00:00:00,buy,100,81.469999999999999
002202,2016-04-20 00:00:00,buy,100,78.579999999999998
002202,2016-04-21 00:00:00,buy,100,77.239999999999995
002202,2016-04-22 00:00:00,sell,2100,81.553333333333327
002202,2016-06-27 00:00:00,buy,100,74.75
002202,2016-06-28 00:00:00,buy,100,75.989999999999995
002202,2016-06-29 00:00:00,buy,100,75.390000000000001
002202,2016-06-30 00:00:00,buy,100,75.390000000000001
002202,2016-07-01 00:00:00,buy,100,75.239999999999995
002202,2016-07-04 00:00:00,buy,100,76.040000000000006
002202,2016-07-05 00:00:00,buy,100,76.590000000000003
002202,2016-07-06 00:00:00,buy,100,76.989999999999995
002202,2016-07-07 00:00:00,buy,100,76.489999999999995
002202,2016-07-08 00:00:00,buy,100,76.090000000000003
002202,2016-07-11 00:00:00,buy,100,75.939999999999998
002202,2016-07-12 00:00:00,buy,100,78.730000000000004
002202,2016-07-13 00:00:00,buy,100,78.879999999999995
002202,2016-07-14 00:00:00,buy,100,78.930000000000007
002202,2016-07-15 00:00:00,buy,100,79.379999999999995
002202,2016-07-18 00:00:00,buy,100,79.680000000000007
002202,2016-07-19 00:00:00,buy,100,80.030000000000001
002202,2016-07-20 00:00:00,buy,100,79.230000000000004
002202,2016-07-21 00:00:00,buy,100,78.730000000000004
002202,2016-07-22 00:00:00,buy,100,77.980000000000004
002202,2016-07-25 00:00:00,buy,100,79.329999999999998
002202,2016-07-26 00:00:00,buy,100,79.829999999999998
002202,2016-07-27 00:00:00,buy,100,76.290000000000006
002202,2016-07-28 00:00:00,buy,100,77.290000000000006
002202,2016-07-29 00:00:00,buy,100,77.530000000000001
002202,2016-08-01 00:00:00,buy,100,76.290000000000006
002202,2016-08-02 00:00:00,sell,2600,77.424230769230775
002202,2016-08-08 00:00:00,buy,100,79.980000000000004
002202,2016-08-09 00:00:00,buy,100,80.079999999999998
002202,2016-08-10 00:00:00,buy,100,79.730000000000004
002202,2016-08-11 00:00:00,buy,100,78.930000000000007
002202,2016-08-12 00:00:00,buy,100,81.420000000000002
002202,2016-08-15 00:00:00,buy,100,85.019999999999996
002202,2016-08-16 00:00:00,buy,100,88.200000000000003
002202,2016-08-17 00:00:00,buy,100,86.25
002202,2016-08-18 00:00:00,buy,100,88.969999999999999
002202,2016-08-19 00:00:00,buy,100,87.890000000000001
002202,2016-08-22 00:00:00,buy,100,85.680000000000007
002202,2016-08-23 00:00:00,buy,100,85.530000000000001
002202,2016-08-24 00:00:00,buy,100,84.760000000000005
002202,2016-08-25 00:00:00,buy,100,83.170000000000002
002202,2016-08-26 00:00:00,buy,100,83.170000000000002
002202,2016-08-29 00:00:00,buy,100,83.060000000000002
002202,2016-08-30 00:00:00,buy,100,84.299999999999997
002202,2016-08-31 00:00:00,buy,100,83.829999999999998
002202,2016-09-01 00:00:00,buy,100,82.549999999999997
002202,2016-09-02 00:00:00,buy,100,82.859999999999999
002202,2016-09-05 00:00:00,buy,100,82.189999999999998
002202,2016-09-06 00:00:00,buy,100,84.450000000000003
002202,2016-09-07 00:00:00,buy,100,83.629999999999995
002202,2016-09-08 00:00:00,buy,100,83.530000000000001
002202,2016-09-09 00:00:00,buy,100,82.549999999999997
002202,2016-09-12 00:00:00,buy,100,79.829999999999998
002202,2016-09-13 00:00:00,sell,2600,83.521538461538455
601669,2016-02-23 00:00:00,buy,100,7.3899999999999997
601669,2016-02-24 00:00:00,buy,100,7.4800000000000004
601669,2016-02-25 00:00:00,sell,200,7.4349999999999996
601669,2016-03-09 00:00:00,buy,100,7.21
601669,2016-03-10 00:00:00,buy,100,6.9299999999999997
601669,2016-03-11 00:00:00,buy,100,7.0199999999999996
601669,2016-03-14 00:00:00,buy,100,7.1399999999999997
601669,2016-03-15 00:00:00,buy,100,7.1699999999999999
601669,2016-03-16 00:00:00,buy,100,7.2699999999999996
601669,2016-03-17 00:00:00,buy,100,7.3200000000000003
601669,2016-03-18 00:00:00,buy,100,7.3399999999999999
601669,2016-03-21 00:00:00,buy,100,7.5800000000000001
601669,2016-03-22 00:00:00,buy,100,7.4500000000000002
601669,2016-03-23 00:00:00,buy,100,7.3899999999999997
601669,2016-03-24 00:00:00,buy,100,7.3099999999999996
601669,2016-03-25 00:00:00,buy,100,7.3200000000000003
601669,2016-03-28 00:00:00,buy,100,7.2599999999999998
601669,2016-03-29 00:00:00,buy,100,7.0300000000000002
601669,2016-03-30 00:00:00,buy,100,7.1900000000000004
601669,2016-03-31 00:00:00,buy,100,7.1900000000000004
601669,2016-04-01 00:00:00,buy,100,7.2300000000000004
601669,2016-04-05 00:00:00,buy,100,7.5
601669,2016-04-06 00:00:00,buy,100,7.4500000000000002
601669,2016-04-07 00:00:00,buy,100,7.3799999999999999
601669,2016-04-08 00:00:00,buy,100,7.2400000000000002
601669,2016-04-11 00:00:00,buy,100,7.3799999999999999
601669,2016-04-12 00:00:00,buy,100,7.3399999999999999
601669,2016-04-13 00:00:00,buy,100,7.4400000000000004
601669,2016-04-14 00:00:00,buy,100,7.5
601669,2016-04-15 00:00:00,buy,100,7.4299999999999997
601669,2016-04-18 00:00:00,buy,100,7.29
601669,2016-04-19 00:00:00,buy,100,7.3099999999999996
601669,2016-04-20 00:00:00,buy,100,7.1299999999999999
601669,2016-04-21 00:00:00,sell,3000,7.2913333333333332
601669,2016-07-05 00:00:00,buy,100,6.6799999999999997
601669,2016-07-06 00:00:00,buy,100,6.5700000000000003
601669,2016-07-07 00:00:00,buy,100,6.5800000000000001
601669,2016-07-08 00:00:00,buy,100,6.5300000000000002
601669,2016-07-11 00:00:00,buy,100,6.54
601669,2016-07-12 00:00:00,buy,100,6.6600000000000001
601669,2016-07-13 00:00:00,buy,100,6.7300000000000004
601669,2016-07-14 00:00:00,buy,100,6.6699999999999999
601669,2016-07-15 00:00:00,buy,100,6.6799999999999997
601669,2016-07-18 00:00:00,buy,100,6.6200000000000001
601669,2016-07-19 00:00:00,buy,100,6.6399999999999997
601669,2016-07-20 00:00:00,buy,100,6.6600000000000001
601669,2016-07-21 00:00:00,buy,100,6.6399999999999997
601669,2016-07-22 00:00:00,buy,100,6.5700000000000003
601669,2016-07-25 00:00:00,buy,100,6.5700000000000003
601669,2016-07-26 00:00:00,buy,100,6.6100000000000003
601669,2016-07-27 00:00:00,buy,100,6.54
601669,2016-07-28 00:00:00,buy,100,6.5800000000000001
601669,2016-07-29 00:00:00,buy,100,6.71
601669,2016-08-01 00:00:00,buy,100,6.5199999999999996
601669,2016-08-02 00:00:00,buy,100,6.5499999999999998
601669,2016-08-03 00:00:00,buy,100,6.54
601669,2016-08-04 00:00:00,buy,100,6.5099999999999998
601669,2016-08-05 00:00:00,sell,2300,6.6043478260869568
601669,2016-08-10 00:00:00,buy,100,6.7199999999999998
601669,2016-08-11 00:00:00,buy,100,6.6299999999999999
601669,2016-08-12 00:00:00,buy,100,6.8099999999999996
601669,2016-08-15 00:00:00,buy,100,7.04
601669,2016-08-16 00:00:00,buy,100,7.2000000000000002
601669,2016-08-17 00:00:00,buy,100,7.1699999999999999
601669,2016-08-18 00:00:00,buy,100,7.1600000000000001
601669,2016-08-19 00:00:00,buy,100,7.3300000000000001
601669,2016-08-22 00:00:00,buy,100,7.0800000000000001
601669,2016-08-23 00:00:00,buy,100,7.0800000000000001
601669,2016-08-24 00:00:00,buy,100,7.0800000000000001
601669,2016-08-25 00:00:00,buy,100,6.96
601669,2016-08-26 00:00:00,buy,100,7.0
601669,2016-08-29 00:00:00,buy,100,7.1500000000000004
601669,2016-08-30 00:00:00,buy,100,7.1100000000000003
601669,2016-08-31 00:00:00,buy,100,7.0999999999999996
601669,2016-09-01 00:00:00,buy,100,6.9400000000000004
601669,2016-09-02 00:00:00,buy,100,7.0499999999999998
601669,2016-09-05 00:00:00,buy,100,6.9800000000000004
601669,2016-09-06 00:00:00,buy,100,7.0599999999999996
601669,2016-09-07 00:00:00,buy,100,7.1399999999999997
601669,2016-09-08 00:00:00,buy,100,7.1299999999999999
601669,2016-09-09 00:00:00,buy,100,7.1900000000000004
601669,2016-09-12 00:00:00,buy,100,7.2699999999999996
601669,2016-09-13 00:00:00,buy,100,7.2000000000000002
601669,2016-09-14 00:00:00,buy,100,7.0700000000000003
601669,2016-09-19 00:00:00,buy,100,7.0800000000000001
601669,2016-09-20 00:00:00,buy,100,7.0599999999999996
601669,2016-09-21 00:00:00,buy,100,7.0300000000000002
601669,2016-09-22 00:00:00,sell,2900,7.0627586206896549
601555,2016-03-07 00:00:00,buy,100,12.49
601555,2016-03-08 00:00:00,buy,100,12.609999999999999
601555,2016-03-09 00:00:00,buy,100,12.279999999999999
601555,2016-03-10 00:00:00,buy,100,11.76
601555,2016-03-11 00:00:00,buy,100,11.890000000000001
601555,2016-03-14 00:00:00,buy,100,12.51
601555,2016-03-15 00:00:00,buy,100,12.5
601555,2016-03-16 00:00:00,buy,100,12.35
601555,2016-03-17 00:00:00,buy,100,12.869999999999999
601555,2016-03-18 00:00:00,buy,100,13.630000000000001
601555,2016-03-21 00:00:00,buy,100,14.99
601555,2016-03-22 00:00:00,buy,100,14.390000000000001
601555,2016-03-23 00:00:00,buy,100,14.640000000000001
601555,2016-03-24 00:00:00,buy,100,13.880000000000001
601555,2016-03-25 00:00:00,buy,100,14.16
601555,2016-03-28 00:00:00,buy,100,13.77
601555,2016-03-29 00:00:00,buy,100,13.75
601555,2016-03-30 00:00:00,buy,100,14.35
601555,2016-03-31 00:00:00,buy,100,14.359999999999999
601555,2016-04-01 00:00:00,buy,100,14.17
601555,2016-04-05 00:00:00,buy,100,14.48
601555,2016-04-06 00:00:00,buy,100,14.289999999999999
601555,2016-04-07 00:00:00,buy,100,13.94
601555,2016-04-08 00:00:00,buy,100,13.6
601555,2016-04-11 00:00:00,buy,100,14.1
601555,2016-04-12 00:00:00,buy,100,14.18
601555,2016-04-13 00:00:00,buy,100,14.57
601555,2016-04-14 00:00:00,buy,100,14.68
601555,2016-04-15 00:00:00,buy,100,14.51
601555,2016-04-18 00:00:00,buy,100,14.09
601555,2016-04-19 00:00:00,buy,100,14.25
601555,2016-04-20 00:00:00,buy,100,13.859999999999999
601555,2016-04-21 00:00:00,buy,100,13.42
601555,2016-04-22 00:00:00,sell,3300,13.676363636363636
601555,2016-06-02 00:00:00,buy,100,13.41
601555,2016-06-03 00:00:00,buy,100,13.460000000000001
601555,2016-06-06 00:00:00,buy,100,13.35
601555,2016-06-07 00:00:00,buy,100,13.52
601555,2016-06-08 00:00:00,buy,100,13.77
601555,2016-06-13 00:00:00,buy,100,12.890000000000001
601555,2016-06-14 00:00:00,buy,100,13.130000000000001
601555,2016-06-15 00:00:00,buy,100,13.710000000000001
601555,2016-06-16 00:00:00,buy,100,13.41
601555,2016-06-17 00:00:00,buy,100,13.710000000000001
601555,2016-06-20 00:00:00,buy,100,13.82
601555,2016-06-21 00:00:00,buy,100,13.81
601555,2016-06-22 00:00:00,buy,100,14.359999999999999
601555,2016-06-23 00:00:00,buy,100,14.25
601555,2016-06-24 00:00:00,buy,100,13.98
601555,2016-06-27 00:00:00,buy,100,14.449999999999999
601555,2016-06-28 00:00:00,buy,100,14.76
601555,2016-06-29 00:00:00,buy,100,14.65
601555,2016-06-30 00:00:00,buy,100,14.699999999999999
601555,2016-07-01 00:00:00,buy,100,14.69
601555,2016-07-04 00:00:00,buy,100,15.18
601555,2016-07-05 00:00:00,buy,100,15.119999999999999
601555,2016-07-06 00:00:00,buy,100,15.220000000000001
601555,2016-07-07 00:00:00,buy,100,15.48
601555,2016-07-08 00:00:00,buy,100,15.51
601555,2016-07-11 00:00:00,buy,100,15.539999999999999
601555,2016-07-12 00:00:00,buy,100,16.309999999999999
601555,2016-07-13 00:00:00,buy,100,16.190000000000001
601555,2016-07-14 00:00:00,buy,100,16.539999999999999
601555,2016-07-15 00:00:00,buy,100,16.300000000000001
601555,2016-07-18 00:00:00,buy,100,15.609999999999999
601555,2016-07-19 00:00:00,buy,100,15.81
601555,2016-07-20 00:00:00,buy,100,15.550000000000001
601555,2016-07-21 00:00:00,buy,100,15.710000000000001
601555,2016-07-22 00:00:00,buy,100,15.69
601555,2016-07-25 00:00:00,buy,100,15.800000000000001
601555,2016-07-26 00:00:00,buy,100,16.010000000000002
601555,2016-07-27 00:00:00,buy,100,15.380000000000001
601555,2016-08-01 00:00:00,buy,100,14.59
601555,2016-08-02 00:00:00,buy,100,14.57
601555,2016-08-03 00:00:00,sell,4000,14.7485
601555,2016-08-17 00:00:00,buy,100,15.619999999999999
601555,2016-08-18 00:00:00,buy,100,15.52
601555,2016-08-19 00:00:00,buy,100,15.52
601555,2016-08-22 00:00:00,buy,100,15.039999999999999
601555,2016-08-23 00:00:00,sell,400,15.425000000000001
601555,2016-09-02 00:00:00,buy,100,15.140000000000001
601555,2016-09-05 00:00:00,buy,100,15.06
601555,2016-09-06 00:00:00,buy,100,15.140000000000001
601555,2016-09-07 00:00:00,buy,100,15.07
601555,2016-09-08 00:00:00,buy,100,14.99
601555,2016-09-09 00:00:00,sell,500,15.08
000503,2016-03-21 00:00:00,buy,100,234.41999999999999
000503,2016-03-22 00:00:00,buy,100,232.56999999999999
000503,2016-03-23 00:00:00,buy,100,233.44999999999999
000503,2016-03-24 00:00:00,buy,100,238.31
000503,2016-03-25 00:00:00,buy,100,236.37
000503,2016-03-28 00:00:00,buy,100,231.59999999999999
000503,2016-03-29 00:00:00,buy,100,223.63
000503,2016-03-30 00:00:00,buy,100,231.21000000000001
000503,2016-03-31 00:00:00,buy,100,231.88999999999999
000503,2016-04-01 00:00:00,buy,100,226.53999999999999
000503,2016-04-05 00:00:00,buy,100,235.09999999999999
000503,2016-04-06 00:00:00,buy,100,238.12
000503,2016-04-07 00:00:00,buy,100,232.77000000000001
000503,2016-04-08 00:00:00,buy,100,254.25
000503,2016-04-11 00:00:00,buy,100,258.33999999999997
000503,2016-04-12 00:00:00,buy,100,259.60000000000002
000503,2016-04-13 00:00:00,buy,100,261.16000000000003
000503,2016-04-14 00:00:00,buy,100,260.38
000503,2016-04-15 00:00:00,buy,100,262.02999999999997
000503,2016-04-18 00:00:00,buy,100,253.56999999999999
000503,2016-04-19 00:00:00,buy,100,258.44
000503,2016-04-20 00:00:00,buy,100,243.37
000503,2016-04-21 00:00:00,buy,100,239.47999999999999
000503,2016-04-22 00:00:00,buy,100,261.35000000000002
000503,2016-04-25 00:00:00,buy,100,262.42000000000002
000503,2016-04-26 00:00:00,buy,100,278.07999999999998
000503,2016-04-27 00:00:00,buy,100,283.04000000000002
000503,2016-04-28 00:00:00,buy,100,283.04000000000002
000503,2016-04-29 00:00:00,buy,100,282.74000000000001
000503,2016-05-03 00:00:00,buy,100,290.42000000000002
000503,2016-05-04 00:00:00,buy,100,287.50999999999999
000503,2016-05-05 00:00:00,buy,100,303.55000000000001
000503,2016-05-06 00:00:00,buy,100,311.32999999999998
000503,2016-05-09 00:00:00,buy,100,297.51999999999998
000503,2016-05-10 00:00:00,buy,100,298.5
000503,2016-05-11 00:00:00,buy,100,322.41000000000003
000503,2016-05-12 00:00:00,buy,100,324.55000000000001
000503,2016-05-13 00:00:00,buy,100,318.91000000000003
000503,2016-05-16 00:00:00,buy,100,336.41000000000003
000503,2016-05-17 00:00:00,buy,100,355.27999999999997
000503,2016-05-18 00:00:00,buy,100,346.62
000503,2016-05-19 00:00:00,buy,100,350.31999999999999
000503,2016-05-20 00:00:00,buy,100,344.87
000503,2016-05-23 00:00:00,buy,100,356.35000000000002
000503,2016-05-24 00:00:00,buy,100,358.0
000503,2016-05-25 00:00:00,buy,100,349.05000000000001
000503,2016-05-26 00:00:00,buy,100,341.26999999999998
000503,2016-05-27 00:00:00,buy,100,366.56
000503,2016-05-30 00:00:00,buy,100,379.88
000503,2016-05-31 00:00:00,buy,100,385.02999999999997
000503,2016-06-01 00:00:00,buy,100,379.19
000503,2016-06-02 00:00:00,buy,100,380.25999999999999
000503,2016-06-03 00:00:00,buy,100,397.75999999999999
000503,2016-06-06 00:00:00,buy,100,396.31
000503,2016-06-07 00:00:00,buy,100,392.50999999999999
000503,2016-06-08 00:00:00,buy,100,395.04000000000002
000503,2016-06-13 00:00:00,buy,100,378.50999999999999
000503,2016-06-14 00:00:00,buy,100,379.19
000503,2016-06-15 00:00:00,buy,100,388.52999999999997
000503,2016-06-16 00:00:00,buy,100,408.06999999999999
000503,2016-06-17 00:00:00,buy,100,406.50999999999999
000503,2016-06-20 00:00:00,buy,100,406.42000000000002
000503,2016-06-21 00:00:00,buy,100,410.60000000000002
000503,2016-06-22 00:00:00,buy,100,401.85000000000002
000503,2016-06-23 00:00:00,buy,100,399.02999999999997
000503,2016-06-24 00:00:00,buy,100,381.32999999999998
000503,2016-06-27 00:00:00,buy,100,389.00999999999999
000503,2016-06-28 00:00:00,buy,100,398.06
000503,2016-06-29 00:00:00,buy,100,394.75
000503,2016-06-30 00:00:00,buy,100,390.95999999999998
000503,2016-07-01 00:00:00,buy,100,384.25
000503,2016-07-04 00:00:00,buy,100,377.93000000000001
000503,2016-07-05 00:00:00,buy,100,380.25999999999999
000503,2016-07-06 00:00:00,buy,100,416.52999999999997
000503,2016-07-07 00:00:00,buy,100,416.43000000000001
000503,2016-07-08 00:00:00,buy,100,421.77999999999997
000503,2016-07-11 00:00:00,buy,100,420.42000000000002
000503,2016-07-12 00:00:00,buy,100,421.29000000000002
000503,2016-07-13 00:00:00,buy,100,422.75
000503,2016-07-14 00:00:00,buy,100,427.13
000503,2016-07-15 00:00:00,buy,100,428.68000000000001
000503,2016-07-18 00:00:00,buy,100,424.88999999999999
000503,2016-07-19 00:00:00,buy,100,429.66000000000003
000503,2016-07-20 00:00:00,buy,100,441.91000000000003
000503,2016-07-21 00:00:00,buy,100,443.45999999999998
000503,2016-07-22 00:00:00,buy,100,449.0
000503,2016-07-25 00:00:00,buy,100,486.13999999999999
000503,2016-07-26 00:00:00,buy,100,490.04000000000002
000503,2016-07-27 00:00:00,buy,100,474.56999999999999
000503,2016-07-28 00:00:00,buy,100,427.13
000503,2016-07-29 00:00:00,buy,100,433.35000000000002
000503,2016-08-01 00:00:00,buy,100,399.61000000000001
000503,2016-08-02 00:00:00,buy,100,403.5
000503,2016-08-03 00:00:00,sell,9300,412.20916129032258
000503,2016-08-08 00:00:00,buy,100,446.48000000000002
000503,2016-08-09 00:00:00,buy,100,452.12
000503,2016-08-10 00:00:00,buy,100,465.52999999999997
000503,2016-08-11 00:00:00,buy,100,456.38999999999999
000503,2016-08-12 00:00:00,buy,100,461.55000000000001
000503,2016-08-15 00:00:00,buy,100,461.55000000000001
000503,2016-08-16 00:00:00,buy,100,474.76999999999998
000503,2016-08-17 00:00:00,buy,100,474.76999999999998
000503,2016-08-18 00:00:00,buy,100,475.35000000000002
000503,2016-08-19 00:00:00,buy,100,475.35000000000002
000503,2016-08-22 00:00:00,buy,100,461.83999999999997
000503,2016-08-23 00:00:00,buy,100,464.17000000000002
000503,2016-08-24 00:00:00,buy,100,456.98000000000002
000503,2016-08-25 00:00:00,buy,100,459.69999999999999
000503,2016-08-26 00:00:00,buy,100,473.50999999999999
000503,2016-08-29 00:00:00,buy,100,488.08999999999997
000503,2016-08-30 00:00:00,buy,100,479.05000000000001
000503,2016-08-31 00:00:00,buy,100,483.51999999999998
000503,2016-09-01 00:00:00,buy,100,479.24000000000001
000503,2016-09-02 00:00:00,buy,100,477.69
000503,2016-09-05 00:00:00,buy,100,473.99000000000001
000503,2016-09-06 00:00:00,buy,100,484.19999999999999
000503,2016-09-07 00:00:00,buy,100,480.12
000503,2016-09-08 00:00:00,buy,100,483.13
000503,2016-09-09 00:00:00,buy,100,483.23000000000002
000503,2016-09-12 00:00:00,buy,100,460.76999999999998
000503,2016-09-13 00:00:00,buy,100,470.38999999999999
000503,2016-09-14 00:00:00,buy,100,473.01999999999998
000503,2016-09-19 00:00:00,buy,100,474.48000000000002
000503,2016-09-20 00:00:00,buy,100,483.13
000503,2016-09-21 00:00:00,buy,100,483.91000000000003
000503,2016-09-22 00:00:00,buy,100,476.91000000000003
000503,2016-09-23 00:00:00,buy,100,478.17000000000002
000503,2016-09-26 00:00:00,buy,100,468.94
000503,2016-09-27 00:00:00,buy,100,469.31999999999999
000503,2016-09-28 00:00:00,sell,3500,471.75314285714285
601390,2016-03-09 00:00:00,buy,100,8.5500000000000007
601390,2016-03-10 00:00:00,buy,100,8.25
601390,2016-03-11 00:00:00,buy,100,8.3800000000000008
601390,2016-03-14 00:00:00,buy,100,8.4800000000000004
601390,2016-03-15 00:00:00,buy,100,8.4299999999999997
601390,2016-03-16 00:00:00,buy,100,8.5299999999999994
601390,2016-03-17 00:00:00,buy,100,8.5500000000000007
601390,2016-03-18 00:00:00,buy,100,8.6500000000000004
601390,2016-03-21 00:00:00,buy,100,8.9000000000000004
601390,2016-03-22 00:00:00,buy,100,8.7599999999999998
601390,2016-03-23 00:00:00,buy,100,8.7200000000000006
601390,2016-03-24 00:00:00,buy,100,8.5700000000000003
601390,2016-03-25 00:00:00,buy,100,8.5899999999999999
601390,2016-03-28 00:00:00,buy,100,8.5099999999999998
601390,2016-03-29 00:00:00,buy,100,8.2899999999999991
601390,2016-03-30 00:00:00,buy,100,8.4800000000000004
601390,2016-03-31 00:00:00,buy,100,8.5099999999999998
601390,2016-04-01 00:00:00,buy,100,8.6799999999999997
601390,2016-04-05 00:00:00,buy,100,8.7100000000000009
601390,2016-04-06 00:00:00,buy,100,8.6400000000000006
601390,2016-04-07 00:00:00,buy,100,8.5199999999999996
601390,2016-04-08 00:00:00,buy,100,8.4199999999999999
601390,2016-04-11 00:00:00,buy,100,8.5600000000000005
601390,2016-04-12 00:00:00,buy,100,8.5
601390,2016-04-13 00:00:00,buy,100,8.6400000000000006
601390,2016-04-14 00:00:00,buy,100,8.7200000000000006
601390,2016-04-15 00:00:00,buy,100,8.6500000000000004
601390,2016-04-18 00:00:00,buy,100,8.5
601390,2016-04-19 00:00:00,buy,100,8.5099999999999998
601390,2016-04-20 00:00:00,sell,2900,8.5586206896551715
601390,2016-07-05 00:00:00,buy,100,7.5499999999999998
601390,2016-07-06 00:00:00,buy,100,7.4500000000000002
601390,2016-07-07 00:00:00,buy,100,7.4100000000000001
601390,2016-07-08 00:00:00,buy,100,7.3899999999999997
601390,2016-07-11 00:00:00,buy,100,7.3899999999999997
601390,2016-07-12 00:00:00,buy,100,7.5199999999999996
601390,2016-07-13 00:00:00,buy,100,7.5999999999999996
601390,2016-07-14 00:00:00,buy,100,7.4900000000000002
601390,2016-07-15 00:00:00,buy,100,7.4699999999999998
601390,2016-07-18 00:00:00,buy,100,7.3700000000000001
601390,2016-07-19 00:00:00,buy,100,7.4000000000000004
601390,2016-07-20 00:00:00,buy,100,7.3600000000000003
601390,2016-07-21 00:00:00,buy,100,7.3899999999999997
601390,2016-07-22 00:00:00,buy,100,7.3200000000000003
601390,2016-07-25 00:00:00,buy,100,7.29
601390,2016-07-26 00:00:00,buy,100,7.3200000000000003
601390,2016-07-27 00:00:00,buy,100,7.2699999999999996
601390,2016-07-28 00:00:00,sell,1700,7.4111764705882353
601390,2016-08-12 00:00:00,buy,100,7.46
601390,2016-08-15 00:00:00,buy,100,7.6799999999999997
601390,2016-08-16 00:00:00,buy,100,7.6600000000000001
601390,2016-08-17 00:00:00,buy,100,7.71
601390,2016-08-18 00:00:00,buy,100,7.7599999999999998
601390,2016-08-19 00:00:00,buy,100,8.5399999999999991
601390,2016-08-22 00:00:00,buy,100,8.4000000000000004
601390,2016-08-23 00:00:00,buy,100,8.3000000000000007
601390,2016-08-24 00:00:00,buy,100,8.1899999999999995
601390,2016-08-25 00:00:00,buy,100,7.96
601390,2016-08-26 00:00:00,buy,100,7.9900000000000002
601390,2016-08-29 00:00:00,buy,100,8.1099999999999994
601390,2016-08-30 00:00:00,buy,100,8.0
601390,2016-08-31 00:00:00,buy,100,7.9800000000000004
601390,2016-09-01 00:00:00,buy,100,7.9699999999999998
601390,2016-09-02 00:00:00,buy,100,8.1300000000000008
601390,2016-09-05 00:00:00,buy,100,8.0399999999999991
601390,2016-09-06 00:00:00,buy,100,8.0999999999999996
601390,2016-09-07 00:00:00,buy,100,8.1400000000000006
601390,2016-09-08 00:00:00,buy,100,8.0999999999999996
601390,2016-09-09 00:00:00,buy,100,8.1199999999999992
601390,2016-09-12 00:00:00,buy,100,8.0299999999999994
601390,2016-09-13 00:00:00,buy,100,7.9500000000000002
601390,2016-09-14 00:00:00,buy,100,7.8099999999999996
601390,2016-09-19 00:00:00,buy,100,7.8399999999999999
601390,2016-09-20 00:00:00,sell,2500,7.9987999999999984
601186,2016-03-04 00:00:00,buy,100,11.84
601186,2016-03-07 00:00:00,buy,100,11.960000000000001
601186,2016-03-08 00:00:00,buy,100,12.119999999999999
601186,2016-03-09 00:00:00,buy,100,12.09
601186,2016-03-10 00:00:00,buy,100,11.609999999999999
601186,2016-03-11 00:00:00,buy,100,11.74
601186,2016-03-14 00:00:00,buy,100,11.890000000000001
601186,2016-03-15 00:00:00,buy,100,11.91
601186,2016-03-16 00:00:00,buy,100,12.16
601186,2016-03-17 00:00:00,buy,100,12.199999999999999
601186,2016-03-18 00:00:00,buy,100,12.27
601186,2016-03-21 00:00:00,buy,100,12.73
601186,2016-03-22 00:00:00,buy,100,12.59
601186,2016-03-23 00:00:00,buy,100,12.59
601186,2016-03-24 00:00:00,buy,100,12.27
601186,2016-03-25 00:00:00,buy,100,12.34
601186,2016-03-28 00:00:00,buy,100,12.140000000000001
601186,2016-03-29 00:00:00,buy,100,11.880000000000001
601186,2016-03-30 00:00:00,buy,100,12.18
601186,2016-03-31 00:00:00,buy,100,12.210000000000001
601186,2016-04-01 00:00:00,buy,100,12.5
601186,2016-04-05 00:00:00,buy,100,12.58
601186,2016-04-06 00:00:00,buy,100,12.43
601186,2016-04-07 00:00:00,buy,100,12.18
601186,2016-04-08 00:00:00,buy,100,12.039999999999999
601186,2016-04-11 00:00:00,buy,100,12.24
601186,2016-04-12 00:00:00,buy,100,12.25
601186,2016-04-13 00:00:00,buy,100,12.4
601186,2016-04-14 00:00:00,buy,100,12.49
601186,2016-04-15 00:00:00,buy,100,12.460000000000001
601186,2016-04-18 00:00:00,buy,100,12.140000000000001
601186,2016-04-19 00:00:00,buy,100,12.16
601186,2016-04-20 00:00:00,buy,100,12.0
601186,2016-04-21 00:00:00,sell,3300,12.199696969696969
601186,2016-07-01 00:00:00,buy,100,10.74
601186,2016-07-04 00:00:00,buy,100,10.880000000000001
601186,2016-07-05 00:00:00,buy,100,11.17
601186,2016-07-06 00:00:00,buy,100,10.99
601186,2016-07-07 00:00:00,buy,100,10.94
601186,2016-07-08 00:00:00,buy,100,10.94
601186,2016-07-11 00:00:00,buy,100,10.9
601186,2016-07-12 00:00:00,buy,100,11.130000000000001
601186,2016-07-13 00:00:00,buy,100,11.23
601186,2016-07-14 00:00:00,buy,100,11.220000000000001
601186,2016-07-15 00:00:00,buy,100,11.210000000000001
601186,2016-07-18 00:00:00,buy,100,10.09
601186,2016-07-19 00:00:00,buy,100,10.119999999999999
601186,2016-07-20 00:00:00,sell,1300,10.889230769230769
601186,2016-08-18 00:00:00,buy,100,10.390000000000001
601186,2016-08-19 00:00:00,buy,100,10.91
601186,2016-08-22 00:00:00,buy,100,10.56
601186,2016-08-23 00:00:00,buy,100,10.48
601186,2016-08-24 00:00:00,buy,100,10.42
601186,2016-08-25 00:00:00,buy,100,10.27
601186,2016-08-26 00:00:00,buy,100,10.33
601186,2016-08-29 00:00:00,buy,100,10.369999999999999
601186,2016-08-30 00:00:00,buy,100,10.35
601186,2016-08-31 00:00:00,buy,100,10.359999999999999
601186,2016-09-01 00:00:00,buy,100,10.31
601186,2016-09-02 00:00:00,buy,100,10.369999999999999
601186,2016-09-05 00:00:00,buy,100,10.31
601186,2016-09-06 00:00:00,buy,100,10.33
601186,2016-09-07 00:00:00,buy,100,10.390000000000001
601186,2016-09-08 00:00:00,buy,100,10.369999999999999
601186,2016-09-09 00:00:00,buy,100,10.359999999999999
601186,2016-09-12 00:00:00,buy,100,10.220000000000001
601186,2016-09-13 00:00:00,buy,100,10.15
601186,2016-09-14 00:00:00,sell,1900,10.381578947368421
600109,2016-02-22 00:00:00,buy,100,110.78
600109,2016-02-23 00:00:00,buy,100,109.16
600109,2016-02-24 00:00:00,buy,100,109.84
600109,2016-02-25 00:00:00,buy,100,98.909999999999997
600109,2016-02-26 00:00:00,buy,100,100.79000000000001
600109,2016-02-29 00:00:00,buy,100,97.040000000000006
600109,2016-03-01 00:00:00,sell,600,104.42
600109,2016-03-03 00:00:00,buy,100,107.02
600109,2016-03-04 00:00:00,buy,100,107.53
600109,2016-03-07 00:00:00,buy,100,108.13
600109,2016-03-08 00:00:00,buy,100,107.36
600109,2016-03-09 00:00:00,buy,100,105.66
600109,2016-03-10 00:00:00,buy,100,101.56
600109,2016-03-11 00:00:00,buy,100,103.01000000000001
600109,2016-03-14 00:00:00,buy,100,106.08
600109,2016-03-15 00:00:00,buy,100,105.31
600109,2016-03-16 00:00:00,buy,100,106.77
600109,2016-03-17 00:00:00,buy,100,110.61
600109,2016-03-18 00:00:00,buy,100,117.01000000000001
600109,2016-03-21 00:00:00,buy,100,128.69999999999999
600109,2016-03-22 00:00:00,buy,100,123.48999999999999
600109,2016-03-23 00:00:00,buy,100,124.69
600109,2016-03-24 00:00:00,buy,100,118.03
600109,2016-03-25 00:00:00,buy,100,119.48
600109,2016-03-28 00:00:00,buy,100,116.5
600109,2016-03-29 00:00:00,buy,100,120.08
600109,2016-03-30 00:00:00,buy,100,124.09
600109,2016-03-31 00:00:00,buy,100,123.15000000000001
600109,2016-04-01 00:00:00,buy,100,120.59
600109,2016-04-05 00:00:00,buy,100,123.15000000000001
600109,2016-04-06 00:00:00,buy,100,121.53
600109,2016-04-07 00:00:00,buy,100,118.45999999999999
600109,2016-04-08 00:00:00,buy,100,116.23999999999999
600109,2016-04-11 00:00:00,buy,100,120.33
600109,2016-04-12 00:00:00,buy,100,119.65000000000001
600109,2016-04-13 00:00:00,buy,100,122.72
600109,2016-04-14 00:00:00,buy,100,122.64
600109,2016-04-15 00:00:00,buy,100,121.87
600109,2016-04-18 00:00:00,buy,100,118.45999999999999
600109,2016-04-19 00:00:00,buy,100,119.31
600109,2016-04-20 00:00:00,buy,100,115.13
600109,2016-04-21 00:00:00,buy,100,112.48
600109,2016-04-22 00:00:00,sell,3500,115.90914285714285
600109,2016-06-02 00:00:00,buy,100,111.72
600109,2016-06-03 00:00:00,buy,100,112.65000000000001
600109,2016-06-06 00:00:00,buy,100,111.63
600109,2016-06-07 00:00:00,buy,100,111.89
600109,2016-06-08 00:00:00,buy,100,110.61
600109,2016-06-13 00:00:00,buy,100,104.94
600109,2016-06-14 00:00:00,buy,100,105.62
600109,2016-06-15 00:00:00,buy,100,107.51000000000001
600109,2016-06-16 00:00:00,sell,800,109.57125000000001
600109,2016-06-21 00:00:00,buy,100,107.43000000000001
600109,2016-06-22 00:00:00,buy,100,109.92
600109,2016-06-23 00:00:00,buy,100,113.87
600109,2016-06-24 00:00:00,buy,100,110.78
600109,2016-06-27 00:00:00,buy,100,114.04000000000001
600109,2016-06-28 00:00:00,buy,100,117.39
600109,2016-06-29 00:00:00,buy,100,116.09999999999999
600109,2016-06-30 00:00:00,buy,100,115.76000000000001
600109,2016-07-01 00:00:00,buy,100,114.90000000000001
600109,2016-07-04 00:00:00,buy,100,118.33
600109,2016-07-05 00:00:00,buy,100,117.47
600109,2016-07-06 00:00:00,buy,100,118.16
600109,2016-07-07 00:00:00,buy,100,118.25
600109,2016-07-08 00:00:00,buy,100,117.91
600109,2016-07-11 00:00:00,buy,100,116.87
600109,2016-07-12 00:00:00,buy,100,119.19
600109,2016-07-13 00:00:00,buy,100,119.45
600109,2016-07-14 00:00:00,buy,100,119.62
600109,2016-07-15 00:00:00,buy,100,118.84999999999999
600109,2016-07-18 00:00:00,buy,100,115.76000000000001
600109,2016-07-19 00:00:00,buy,100,116.79000000000001
600109,2016-07-20 00:00:00,buy,100,116.19
600109,2016-07-21 00:00:00,buy,100,118.16
600109,2016-07-22 00:00:00,buy,100,117.81999999999999
600109,2016-07-25 00:00:00,buy,100,117.3
600109,2016-07-26 00:00:00,buy,100,119.36
600109,2016-07-27 00:00:00,buy,100,115.06999999999999
600109,2016-07-28 00:00:00,buy,100,112.41
600109,2016-07-29 00:00:00,sell,2800,116.18392857142857
600109,2016-08-16 00:00:00,buy,100,120.14
600109,2016-08-17 00:00:00,buy,100,119.54000000000001
600109,2016-08-18 00:00:00,buy,100,118.59
600109,2016-08-19 00:00:00,buy,100,118.51000000000001
600109,2016-08-22 00:00:00,buy,100,113.61
600109,2016-08-23 00:00:00,buy,100,114.20999999999999
600109,2016-08-24 00:00:00,buy,100,113.95
600109,2016-08-25 00:00:00,sell,700,116.93571428571428
600109,2016-09-05 00:00:00,buy,100,114.38
600109,2016-09-06 00:00:00,buy,100,114.90000000000001
600109,2016-09-07 00:00:00,buy,100,115.06999999999999
600109,2016-09-08 00:00:00,buy,100,114.3
600109,2016-09-09 00:00:00,sell,400,114.66249999999999
